,mean_fit_time,std_fit_time,mean_score_time,std_score_time,param_solver,param_penalty,param_multi_class,param_max_iter,param_class_weight,param_C,param_l1_ratio,params,split0_test_accuracy,split1_test_accuracy,split2_test_accuracy,mean_test_accuracy,std_test_accuracy,rank_test_accuracy,split0_test_F1_class_1,split1_test_F1_class_1,split2_test_F1_class_1,mean_test_F1_class_1,std_test_F1_class_1,rank_test_F1_class_1,split0_test_recall_class_1,split1_test_recall_class_1,split2_test_recall_class_1,mean_test_recall_class_1,std_test_recall_class_1,rank_test_recall_class_1,split0_test_precision_class_1,split1_test_precision_class_1,split2_test_precision_class_1,mean_test_precision_class_1,std_test_precision_class_1,rank_test_precision_class_1,split0_test_precision_macro,split1_test_precision_macro,split2_test_precision_macro,mean_test_precision_macro,std_test_precision_macro,rank_test_precision_macro,split0_test_precision_micro,split1_test_precision_micro,split2_test_precision_micro,mean_test_precision_micro,std_test_precision_micro,rank_test_precision_micro,split0_test_precision_weighted,split1_test_precision_weighted,split2_test_precision_weighted,mean_test_precision_weighted,std_test_precision_weighted,rank_test_precision_weighted,split0_test_recall_macro,split1_test_recall_macro,split2_test_recall_macro,mean_test_recall_macro,std_test_recall_macro,rank_test_recall_macro,split0_test_recall_micro,split1_test_recall_micro,split2_test_recall_micro,mean_test_recall_micro,std_test_recall_micro,rank_test_recall_micro,split0_test_recall_weighted,split1_test_recall_weighted,split2_test_recall_weighted,mean_test_recall_weighted,std_test_recall_weighted,rank_test_recall_weighted,split0_test_f1_macro,split1_test_f1_macro,split2_test_f1_macro,mean_test_f1_macro,std_test_f1_macro,rank_test_f1_macro,split0_test_f1_micro,split1_test_f1_micro,split2_test_f1_micro,mean_test_f1_micro,std_test_f1_micro,rank_test_f1_micro,split0_test_f1_weighted,split1_test_f1_weighted,split2_test_f1_weighted,mean_test_f1_weighted,std_test_f1_weighted,rank_test_f1_weighted,split0_test_roc_auc,split1_test_roc_auc,split2_test_roc_auc,mean_test_roc_auc,std_test_roc_auc,rank_test_roc_auc,split0_test_matthews_corrcoef,split1_test_matthews_corrcoef,split2_test_matthews_corrcoef,mean_test_matthews_corrcoef,std_test_matthews_corrcoef,rank_test_matthews_corrcoef,split0_test_Cust_metric,split1_test_Cust_metric,split2_test_Cust_metric,mean_test_Cust_metric,std_test_Cust_metric,rank_test_Cust_metric
0,42.9888334274292,2.3300284207881528,3.688371737798055,0.2801414468175773,saga,l2,ovr,100000,,0.01,,"{'solver': 'saga', 'penalty': 'l2', 'multi_class': 'ovr', 'max_iter': 100000, 'class_weight': None, 'C': 0.01}",0.701713932880208,0.9156540489433239,0.9158514230583695,0.8444064682939673,0.10089889159034571,15,0.6026411335668156,0.9200279913464662,0.9201961699285407,0.8142884316139408,0.14965725541827313,11,0.4523878437047757,0.9703427849224803,0.9702942595272552,0.7976749627181704,0.24415486411443338,13,0.9023381121908978,0.8746738790134623,0.8750174009883761,0.8840097973975788,0.01296083444353438,38,0.7684683299276578,0.9206870635412658,0.9208409511546185,0.8699987815411806,0.07179289832095198,38,0.701713932880208,0.9156540489433239,0.9158514230583695,0.8444064682939673,0.10089889159034571,15,0.7684676841527592,0.9206868415781083,0.9208409511546184,0.8699984922951619,0.07179315050419709,38,0.701712730161039,0.9156537851288715,0.9158514230583695,0.8444059794494266,0.100899396461843,15,0.701713932880208,0.9156540489433239,0.9158514230583695,0.8444064682939673,0.10089889159034571,15,0.701713932880208,0.9156540489433239,0.9158514230583695,0.8444064682939673,0.10089889159034571,15,0.6819419879358208,0.915400981992079,0.9156012633086743,0.8376480777455247,0.11010086233698663,3,0.701713932880208,0.9156540489433239,0.9158514230583696,0.8444064682939673,0.10089889159034574,15,0.6819423704754825,0.9154010043123251,0.9156012633086742,0.8376482126988272,0.1101006872602748,3,0.8258736085322279,0.9808250308957539,0.9807402331075885,0.9291462908451901,0.07302482218055141,38,0.4654180047719788,0.8363257028590649,0.8366774968143602,0.712807068148468,0.17493054326116442,36,0.6660818170620197,0.9163263838629565,0.9165202446326475,0.832976148519208,0.11801214005320483,3
1,295.06993254025775,32.72942284933103,3.191025177637736,0.38147426282700514,newton-cg,l2,ovr,100000,,10,,"{'solver': 'newton-cg', 'penalty': 'l2', 'multi_class': 'ovr', 'max_iter': 100000, 'class_weight': None, 'C': 10}",0.6867839518381484,0.9227162435299395,0.9233622768933912,0.8442874907538265,0.11137213271430316,33,0.5672141200309276,0.9263669747539974,0.9269761306128453,0.8068524084659234,0.16945004127225974,40,0.41050651230101304,0.9722916324975157,0.9728509406657019,0.7852163618214102,0.26495997396098125,39,0.9174393031178576,0.8845850010532968,0.8852329491084989,0.8957524177598843,0.01533722501123682,13,0.7688741975219049,0.9269133223916415,0.9275507829993888,0.8744461009709784,0.07465106245013967,19,0.6867839518381484,0.9227162435299395,0.9233622768933912,0.8442874907538265,0.11137213271430316,33,0.768873480858186,0.926913118203908,0.9275507829993886,0.8744457940204943,0.07465135245003138,19,0.6867826191088957,0.9227160043818983,0.9233622768933912,0.8442869667947285,0.11137270483080533,33,0.6867839518381484,0.9227162435299395,0.9233622768933912,0.8442874907538265,0.11137213271430316,33,0.6867839518381484,0.9227162435299395,0.9233622768933912,0.8442874907538265,0.11137213271430316,33,0.6609003692597584,0.9225257976656451,0.9231741204929067,0.8355334291394367,0.1234845045146059,34,0.6867839518381484,0.9227162435299395,0.9233622768933911,0.8442874907538265,0.11137213271430313,33,0.6609008211931752,0.9225258161951124,0.9231741204929067,0.8355335859603982,0.12348429582285297,34,0.817419120203102,0.9852862203087792,0.9853067838185068,0.929337374776796,0.07913815719289531,28,0.44820096753105715,0.8496189589664201,0.850902751148857,0.7162408925487781,0.1895335732497386,27,0.6421631194139923,0.9232940330833156,0.9239345225168945,0.8297972250047341,0.1326776061041874,38
2,659.3014272848765,64.81100029277923,2.7243550618489585,0.06212108917041553,saga,elasticnet,ovr,10000,,1,0.5,"{'solver': 'saga', 'penalty': 'elasticnet', 'multi_class': 'ovr', 'max_iter': 10000, 'l1_ratio': 0.5, 'class_weight': None, 'C': 1}",0.6870106752982378,0.9226052937515979,0.9233719247467439,0.8443292979321932,0.11124150514789682,18,0.5676340252557225,0.9262710929745229,0.926991363976891,0.8069654940690455,0.16923316001074998,29,0.4109117221418234,0.9723205757783331,0.9729474191992282,0.785393239039795,0.2647985436853494,31,0.9176128406765054,0.8843862158533482,0.8851808614288097,0.8957266393195544,0.015479281266161375,20,0.7690478335127986,0.9268252213994201,0.9275753835380263,0.8744828128167482,0.07455441784999188,8,0.6870106752982378,0.9226052937515979,0.9233719247467439,0.8443292979321932,0.11124150514789682,18,0.7690471168495545,0.9268250166777567,0.9275753835380263,0.8744825056884459,0.07455470777584473,8,0.6870093434299821,0.9226050539287227,0.9233719247467439,0.8443287740351496,0.11124207674306055,18,0.6870106752982378,0.9226052937515979,0.9233719247467439,0.8443292979321932,0.11124150514789682,18,0.6870106752982378,0.9226052937515979,0.9233719247467439,0.8443292979321932,0.11124150514789682,18,0.6611819937080127,0.9224134940389636,0.9231831296468407,0.8355928724646056,0.12332751533005508,19,0.6870106752982378,0.9226052937515979,0.9233719247467439,0.8443292979321932,0.11124150514789682,18,0.6611824449743763,0.9224135126476483,0.9231831296468408,0.8355930290896217,0.12332730696848179,19,0.8177133014033889,0.9852958493599362,0.9853119167743499,0.9294403558458918,0.07900295811060465,16,0.4486176933491929,0.8494197918759392,0.850936926223845,0.7163248038163257,0.18929852644285364,13,0.6424724000175546,0.9231850138260753,0.9239447765128508,0.8298673967854935,0.13250863599548762,23
3,35.9227344195048,2.428284009973883,3.5774966875712075,0.23718693608370786,lbfgs,l2,multinomial,100000,balanced,0.001,,"{'solver': 'lbfgs', 'penalty': 'l2', 'multi_class': 'multinomial', 'max_iter': 100000, 'class_weight': 'balanced', 'C': 0.001}",0.7220563335439771,0.8982879966811544,0.8978195851423059,0.8393879717891458,0.08296621743140911,39,0.6499258755194789,0.9037570578918299,0.9033650249092138,0.8190159861068409,0.11956487094544002,5,0.5160154365653642,0.9551089714522774,0.9552050168837434,0.8087764749671283,0.20701331923452113,5,0.8776953624995898,0.8576453261717057,0.8568622020667094,0.8640676302460015,0.00964156403711112,39,0.7674758181423156,0.903499111584291,0.903129751773377,0.8580348938333279,0.06403511406083043,39,0.7220563335439771,0.8982879966811544,0.8978195851423059,0.8393879717891458,0.08296621743140911,39,0.7674752864538801,0.9034988903900593,0.903129751773377,0.8580346428724388,0.06403531235205172,39,0.722055339627387,0.8982877225809385,0.8978195851423059,0.8393875491168771,0.08296662110322664,39,0.7220563335439771,0.8982879966811544,0.8978195851423059,0.8393879717891458,0.08296621743140911,39,0.7220563335439771,0.8982879966811544,0.8978195851423059,0.8393879717891458,0.08296621743140911,39,0.7097333906143796,0.8979584896662468,0.8974819843180283,0.8350579548662181,0.08861806274878595,39,0.7220563335439771,0.8982879966811544,0.8978195851423059,0.8393879717891458,0.08296621743140911,39,0.7097336791200554,0.8979585176379798,0.8974819843180283,0.8350580603586879,0.08861793336428703,39,0.8346366898514959,0.9681883998895455,0.9680719098770423,0.923632333206028,0.06292944088181116,39,0.48741946469013747,0.80176989770467,0.8009317339424268,0.6967070321124114,0.147989053734328,39,0.6977718875953995,0.8991182033113635,0.8986585924362653,0.8318495611143429,0.09480741782767978,7
4,37.04408518473307,1.4612508676219953,3.7510807514190674,0.03579056046210521,saga,elasticnet,ovr,100000,,0.001,0.5,"{'solver': 'saga', 'penalty': 'elasticnet', 'multi_class': 'ovr', 'max_iter': 100000, 'l1_ratio': 0.5, 'class_weight': None, 'C': 0.001}",0.7361373075865529,0.8672413543591203,0.8670574047274482,0.8234786888910405,0.06175972865602451,47,0.6861736002340831,0.8743717675414371,0.8741201565790133,0.8115551747848445,0.08865822110644977,15,0.5769319826338639,0.9239949445736172,0.9231644958996623,0.808030474369048,0.16341166231934542,9,0.8464478321797104,0.8298069591737715,0.8300240282440298,0.8354262731991705,0.007793922911108591,47,0.7627785577395692,0.8720346761913369,0.8717383423803093,0.8355171921037385,0.051434123888751286,47,0.7361373075865529,0.8672413543591203,0.8670574047274482,0.8234786888910405,0.06175972865602451,47,0.7627781541270712,0.8720344724889091,0.8717383423803094,0.8355169896654299,0.051434265944456416,47,0.7361365395991483,0.8672410805839625,0.8670574047274482,0.8234783416368531,0.06176002602331203,47,0.7361373075865529,0.8672413543591203,0.8670574047274482,0.8234786888910405,0.06175972865602451,47,0.7361373075865529,0.8672413543591203,0.8670574047274482,0.8234786888910405,0.06175972865602451,47,0.7292751857103501,0.8668122933649088,0.8666375790688841,0.8209083527147142,0.06479447302925657,47,0.7361373075865529,0.8672413543591203,0.8670574047274482,0.8234786888910405,0.06175972865602451,47,0.729275393628235,0.8668123298310819,0.8666375790688842,0.820908434176067,0.06479438362742916,47,0.8395042274293476,0.9428235169187624,0.9427162197727937,0.9083479880403013,0.04867990967851867,47,0.49820324890741857,0.7392602153483202,0.7387809179771766,0.6587481274109718,0.11352254090938062,47,0.7206548686150966,0.8683241882002145,0.86813409457091,0.8190377171287405,0.06956722262263507,47
5,133.63281416893005,21.169094524490006,3.0360345045725503,0.2558962954224551,saga,l2,multinomial,100000,,0.1,,"{'solver': 'saga', 'penalty': 'l2', 'multi_class': 'multinomial', 'max_iter': 100000, 'class_weight': None, 'C': 0.1}",0.688235946763402,0.9223158595472284,0.9230438977327544,0.8445319013477949,0.11051832902128302,6,0.5704829566222943,0.9260375140080466,0.9267313636426264,0.8077506114243224,0.16777380679210058,22,0.4140858658948384,0.9726293041070515,0.9733719247467438,0.7866956982495447,0.26347511362164144,24,0.9167218436959355,0.8837054373646794,0.8843561266796981,0.8949278025801043,0.015413003606588671,26,0.7691496707419248,0.926636026985279,0.927373896717881,0.874386531481695,0.07441430757010332,26,0.688235946763402,0.9223158595472284,0.9230438977327544,0.8445319013477949,0.11051832902128302,6,0.7691489588680169,0.9266358198922614,0.927373896717881,0.8743862251593865,0.07441459467833171,26,0.6882346242962726,0.9223156168388611,0.9230438977327544,0.8445313796226293,0.11051889549582426,6,0.688235946763402,0.9223158595472284,0.9230438977327544,0.8445319013477949,0.11051832902128302,6,0.688235946763402,0.9223158595472284,0.9230438977327544,0.8445319013477949,0.11051832902128302,6,0.6628997035234455,0.9221186706526239,0.9228484798524713,0.8359556180095136,0.12236937337238164,12,0.688235946763402,0.9223158595472284,0.9230438977327544,0.8445319013477949,0.11051832902128302,6,0.6629001493329056,0.9221186895567457,0.9228484798524713,0.8359557729140409,0.12236916765335025,12,0.8185781868570856,0.9852475042610127,0.9852382831288924,0.9296879914156636,0.07856649634987067,15,0.45017013295673736,0.8489406502270204,0.8504067710378793,0.7165058514072123,0.18832874372482464,6,0.6444163541432152,0.9229024393237084,0.9236250566105024,0.8303146166924753,0.1314502530948775,16
6,591.4792545636495,45.9524329489273,2.6854862372080484,0.1316882243747961,sag,l2,ovr,10000,balanced,10,,"{'solver': 'sag', 'penalty': 'l2', 'multi_class': 'ovr', 'max_iter': 10000, 'class_weight': 'balanced', 'C': 10}",0.6867791279347423,0.9227162435299395,0.9233622768933912,0.8442858827860243,0.11137440671780052,34,0.5672103393343954,0.9263669747539974,0.9269761306128453,0.806851148233746,0.16945182350777743,41,0.41050651230101304,0.9722916324975157,0.9728509406657019,0.7852163618214102,0.26495997396098125,39,0.9174195217663167,0.8845850010532968,0.8852329491084989,0.8957458239760374,0.015327901380572299,14,0.7688631271102746,0.9269133223916415,0.9275507829993888,0.8744424108337684,0.07465628106052023,20,0.6867791279347423,0.9227162435299395,0.9233622768933912,0.8442858827860243,0.11137440671780052,34,0.7688624104885765,0.926913118203908,0.9275507829993886,0.874442103897291,0.0746565710405832,20,0.6867777952287595,0.9227160043818983,0.9233622768933912,0.844285358834683,0.1113749788233285,34,0.6867791279347423,0.9227162435299395,0.9233622768933912,0.8442858827860243,0.11137440671780052,34,0.6867791279347423,0.9227162435299395,0.9233622768933912,0.8442858827860243,0.11137440671780052,34,0.6608961252824721,0.9225257976656451,0.9231741204929067,0.8355320144803414,0.12348650514008924,35,0.6867791279347423,0.9227162435299395,0.9233622768933911,0.8442858827860243,0.1113744067178005,34,0.660896577213654,0.9225258161951124,0.9231741204929067,0.8355321713005578,0.12348629644939008,35,0.8174214642411816,0.9852866422412183,0.9853070672503781,0.9293383912442593,0.07913721845273743,26,0.44818595292564356,0.8496189589664201,0.850902751148857,0.7162358876803069,0.1895406511755484,28,0.6421589680928567,0.9232940330833156,0.9239345225168945,0.8297958412310221,0.1326795630519377,39
7,216.02828884124756,42.24822482064132,2.7403276761372886,0.11629237673286887,saga,elasticnet,multinomial,100000,balanced,0.1,0.5,"{'solver': 'saga', 'penalty': 'elasticnet', 'multi_class': 'multinomial', 'max_iter': 100000, 'l1_ratio': 0.5, 'class_weight': 'balanced', 'C': 0.1}",0.6881587643089034,0.9223496268710716,0.9230342498794019,0.844514213686459,0.11056035181356495,9,0.5701766634086662,0.9260591361546341,0.9267060201667547,0.8076472732433517,0.16791728621789626,25,0.41367100820067537,0.9725135309837821,0.9731307284129281,0.7864384225324619,0.2635864869119445,27,0.9171746989240411,0.8838404208680404,0.8845091419301092,0.8951747539073969,0.0155587056555966,23,0.7693246806693552,0.9266442348412651,0.9273239967946798,0.8744309707684333,0.0743218885787671,23,0.6881587643089034,0.9223496268710716,0.9230342498794019,0.844514213686459,0.11056035181356495,9,0.7693239674551485,0.9266440283598011,0.9273239967946798,0.8744306642032097,0.07432217643581578,23,0.6881574402128692,0.9223493848840763,0.9230342498794019,0.8445136916587824,0.11056091920951301,9,0.6881587643089034,0.9223496268710716,0.9230342498794019,0.844514213686459,0.11056035181356495,9,0.6881587643089034,0.9223496268710716,0.9230342498794019,0.844514213686459,0.11056035181356495,9,0.6627486913520283,0.9221536964463959,0.9228406062543141,0.8359143313509128,0.1224469194343369,15,0.6881587643089034,0.9223496268710716,0.9230342498794019,0.844514213686459,0.11056035181356495,9,0.6627491379105492,0.92215371528586,0.9228406062543141,0.8359144864835745,0.1224467133480618,15,0.8191099805251605,0.9852181720912188,0.9852115180382977,0.9298465568848924,0.07830258411646937,7,0.4502241330754907,0.8489827563609186,0.8503474265016747,0.7165181053126947,0.18829909774708575,3,0.6442342857633558,0.9229347843880437,0.9236136890368023,0.8302609197294006,0.13154098635389433,19
8,1037.486534357071,41.85777682403869,2.9475626150767007,0.214381578354437,saga,elasticnet,ovr,1000,balanced,10,0.0,"{'solver': 'saga', 'penalty': 'elasticnet', 'multi_class': 'ovr', 'max_iter': 1000, 'l1_ratio': 0.0, 'class_weight': 'balanced', 'C': 10}",0.6867984235483668,0.9227210674333457,0.9233622768933912,0.8442939226250346,0.1113664430590873,31,0.5672427698275689,0.9263719091828293,0.9269761306128453,0.8068636032077477,0.16943769575322315,39,0.41053545586107093,0.9723012802577882,0.9728509406657019,0.7852292255948536,0.26494860047391044,38,0.9174446432806537,0.8845860140964987,0.8852329491084989,0.8957545354952172,0.015339496146339136,12,0.7688826497536752,0.9269190191289588,0.9275507829993888,0.8744508172940076,0.07464841270812915,18,0.6867984235483668,0.9227210674333457,0.9233622768933912,0.8442939226250346,0.1113664430590873,31,0.7688819331049684,0.9269188149186316,0.9275507829993886,0.8744505103409962,0.07464870269309506,18,0.6867970908889247,0.9227208282620345,0.9233622768933912,0.8442933986814501,0.11136701513552714,29,0.6867984235483668,0.9227210674333457,0.9233622768933912,0.8442939226250346,0.1113664430590873,31,0.6867984235483668,0.9227210674333457,0.9233622768933912,0.8442939226250346,0.1113664430590873,31,0.6609189723288829,0.9225305963065531,0.9231741204929067,0.8355412297094476,0.12347686182805732,30,0.6867984235483668,0.9227210674333457,0.9233622768933911,0.8442939226250346,0.11136644305908727,31,0.6609194242138352,0.9225306148366752,0.9231741204929067,0.8355413865144724,0.1234766531594165,30,0.8174235864692009,0.9852871058735766,0.9853073423980336,0.9293393449136037,0.0791363921489082,24,0.4482253752945817,0.8496294753997388,0.850902751148857,0.7162525339477258,0.18952453427730073,26,0.6421837318286201,0.9232988588818083,0.9239345225168945,0.8298057044091077,0.1326690229187134,33
9,192.56686480840048,31.82906762695207,2.8296568393707275,0.21544902467108595,sag,l2,multinomial,100000,balanced,1,,"{'solver': 'sag', 'penalty': 'l2', 'multi_class': 'multinomial', 'max_iter': 100000, 'class_weight': 'balanced', 'C': 1}",0.6869479645539578,0.922639061075441,0.9233333333333333,0.8443067863209107,0.11126985094626116,25,0.5674984005118363,0.9263015675335359,0.9269545953846225,0.8069181878099982,0.16929556506056972,34,0.410767004341534,0.9723302235386055,0.9729088277858177,0.7853353518886523,0.2648599239017395,34,0.9176257597310229,0.884433796686324,0.8851457512266627,0.8957351025480031,0.015481760747090866,17,0.769027729806159,0.9268551912011466,0.9275364089687981,0.8744731099920345,0.0745616620268961,13,0.6869479645539578,0.922639061075441,0.9233333333333333,0.8443067863209107,0.11126985094626116,25,0.7690270129836162,0.9268549865644371,0.9275364089687981,0.8744728028389505,0.07456195201658272,13,0.6869466322901099,0.9226388213689168,0.9233333333333333,0.8443062623307868,0.11127042272955615,25,0.6869479645539578,0.922639061075441,0.9233333333333333,0.8443067863209107,0.11126985094626116,25,0.6869479645539578,0.922639061075441,0.9233333333333333,0.8443067863209107,0.11126985094626116,25,0.6610974920980374,0.9224475314659948,0.923144443152486,0.8355631555721726,0.12336618180597517,24,0.6869479645539578,0.922639061075441,0.9233333333333333,0.8443067863209107,0.11126985094626116,25,0.661097943611014,0.9224475500574925,0.9231444431524859,0.8355633122736642,0.12336597332582505,24,0.8175791475515471,0.9852996717904559,0.9853165599375799,0.9293984597598609,0.07906819423070885,21,0.44852570976440137,0.84948354876232,0.8508593611875573,0.7162895399047596,0.18933845315295977,20,0.6423776737807971,0.9232183386795031,0.9239064735989132,0.8298341620197377,0.1325520517119568,28
10,28.581375122070312,0.6018716199477006,2.58642840385437,0.11143139975910137,sag,l2,multinomial,100000,,0.01,,"{'solver': 'sag', 'penalty': 'l2', 'multi_class': 'multinomial', 'max_iter': 100000, 'class_weight': None, 'C': 0.01}",0.696195387383563,0.9191272593957579,0.9190786300048239,0.8448004255947149,0.10507963211300866,1,0.5895662941118969,0.9232150299765959,0.9231600789699099,0.8119804676861343,0.15727057196635466,12,0.4364013506994694,0.9723591668194229,0.9721948866377231,0.7936518013855385,0.2526142251649659,16,0.9083843759413596,0.8787995047346668,0.8788341284307655,0.888672669702264,0.013938288317733123,31,0.7687484588429006,0.923932495443509,0.9238620603833034,0.8721810048899044,0.07313786035790489,31,0.696195387383563,0.9191272593957579,0.9190786300048239,0.8448004255947149,0.10507963211300866,1,0.7687477852527244,0.9239322777263212,0.9238620603833034,0.8721807077874497,0.07313812654001414,31,0.69619413416827,0.9191270026089396,0.9190786300048239,0.844799922260678,0.1050801623393665,1,0.696195387383563,0.9191272593957579,0.9190786300048239,0.8448004255947149,0.10507963211300866,1,0.696195387383563,0.9191272593957579,0.9190786300048239,0.8448004255947149,0.10507963211300866,1,0.6742062526973825,0.9188974036592276,0.9188496776205611,0.8373177779923905,0.11533726727151604,4,0.696195387383563,0.9191272593957579,0.9190786300048238,0.8448004255947149,0.10507963211300862,1,0.6742066609923671,0.9188974244870397,0.9188496776205612,0.8373179210333227,0.11533707971001632,4,0.8231497390150533,0.9830983823070261,0.9830243678340661,0.9297574963853817,0.07538307421954295,10,0.4592466491624726,0.8430458021335873,0.8429271180273102,0.7150731897744568,0.1808966881631624,31,0.6572782609802854,0.9197609289227012,0.9197117578904308,0.8322503159311392,0.1237239282023787,4
11,185.32291968663534,29.95485597453039,2.8900489807128906,0.11065730803670185,lbfgs,l2,multinomial,1000,balanced,10,,"{'solver': 'lbfgs', 'penalty': 'l2', 'multi_class': 'multinomial', 'max_iter': 1000, 'class_weight': 'balanced', 'C': 10}",0.6867839518381484,0.9227210674333457,0.9233719247467439,0.844292314672746,0.11137554841148044,32,0.5671968111343669,0.9263698787538951,0.9269846522980185,0.8068504473954269,0.16946089719359833,43,0.41047756874095515,0.9722723369769708,0.9728509406657019,0.785200282127876,0.26496907699025235,44,0.9174933149314242,0.8846062691467044,0.8852484921909979,0.8957826920897088,0.0153539673644103,10,0.7688989606553174,0.9269140707681732,0.9275588771706331,0.874457302864708,0.07464148378000114,17,0.6867839518381484,0.9227210674333457,0.9233719247467439,0.844292314672746,0.11137554841148044,32,0.7688982438505056,0.9269138666794249,0.9275588771706331,0.8744569959001879,0.07464177387293777,17,0.6867826189692755,0.9227208284016547,0.9233719247467438,0.8442917907058914,0.11137612062280586,32,0.6867839518381484,0.9227210674333457,0.9233719247467439,0.844292314672746,0.11137554841148044,32,0.6867839518381484,0.9227210674333457,0.9233719247467439,0.844292314672746,0.11137554841148044,32,0.6608944974864517,0.9225308191503808,0.9231838655591887,0.8355363940653403,0.12349075713835553,33,0.6867839518381484,0.9227210674333457,0.9233719247467439,0.844292314672746,0.11137554841148044,32,0.6608949494750399,0.9225308376696336,0.9231838655591887,0.8355365509012874,0.12349054841808571,33,0.817387453675567,0.9852833957908299,0.9853035237469601,0.929324791071119,0.07915165076689973,31,0.4482216063927144,0.849624551555438,0.8509205010347031,0.7162555529942852,0.1895293596770229,25,0.6421549602160347,0.9232986310710837,0.9239440229069548,0.8297992047313577,0.13268477935179102,37
12,26.102459112803142,1.1938930457976398,2.977870464324951,0.03476672152530777,sag,l2,ovr,1000,,0.01,,"{'solver': 'sag', 'penalty': 'l2', 'multi_class': 'ovr', 'max_iter': 1000, 'class_weight': None, 'C': 0.01}",0.7017091089768018,0.9156781684603548,0.9158465991316932,0.8444112921896166,0.10090570486845818,13,0.6026321539193132,0.9200490317151039,0.9201919601806147,0.8142910486050106,0.1496654511052677,9,0.4523781958514231,0.9703427849224803,0.9702942595272552,0.7976717467670529,0.24415941215610476,14,0.9023362327765376,0.8747119139351035,0.8750097879708014,0.8840193115608143,0.012952590071810616,36,0.768465347569507,0.9207069827696706,0.9208369641866718,0.8700030981752831,0.07179805160937067,36,0.7017091089768018,0.9156781684603548,0.9158465991316932,0.8444112921896166,0.10090570486845818,13,0.7684647017892879,0.9207067608939014,0.9208369641866718,0.8700028089566203,0.0717983038033995,36,0.7017079062343626,0.9156779047622532,0.9158465991316932,0.844410803376103,0.10090620976574292,13,0.7017091089768018,0.9156781684603548,0.9158465991316932,0.8444112921896166,0.10090570486845818,13,0.7017091089768018,0.9156781684603548,0.9158465991316932,0.8444112921896166,0.10090570486845818,13,0.6819360284632012,0.9154253976341684,0.9155963805739487,0.8376526022237728,0.1101082673753128,1,0.7017091089768018,0.9156781684603548,0.9158465991316931,0.8444112921896165,0.10090570486845815,13,0.6819364110174317,0.9154254199381325,0.9155963805739487,0.8376527371765042,0.11010809228887691,1,0.8258704707994852,0.9808280765722023,0.980741499010199,0.9291466821272955,0.073027317918655,36,0.4654098544497128,0.8363697677858662,0.8366686807713879,0.7128161010023223,0.1749426772063375,34,0.6660752535544237,0.9163501244503556,0.916515496495282,0.8329802915000203,0.11801970345580473,1
13,26.88781674702962,0.6122845817220052,3.1493629614512124,0.1982981235072298,lbfgs,l2,multinomial,1000,balanced,0.001,,"{'solver': 'lbfgs', 'penalty': 'l2', 'multi_class': 'multinomial', 'max_iter': 1000, 'class_weight': 'balanced', 'C': 0.001}",0.7220563335439771,0.8982879966811544,0.8978195851423059,0.8393879717891458,0.08296621743140911,39,0.6499258755194789,0.9037570578918299,0.9033650249092138,0.8190159861068409,0.11956487094544002,5,0.5160154365653642,0.9551089714522774,0.9552050168837434,0.8087764749671283,0.20701331923452113,5,0.8776953624995898,0.8576453261717057,0.8568622020667094,0.8640676302460015,0.00964156403711112,39,0.7674758181423156,0.903499111584291,0.903129751773377,0.8580348938333279,0.06403511406083043,39,0.7220563335439771,0.8982879966811544,0.8978195851423059,0.8393879717891458,0.08296621743140911,39,0.7674752864538801,0.9034988903900593,0.903129751773377,0.8580346428724388,0.06403531235205172,39,0.722055339627387,0.8982877225809385,0.8978195851423059,0.8393875491168771,0.08296662110322664,39,0.7220563335439771,0.8982879966811544,0.8978195851423059,0.8393879717891458,0.08296621743140911,39,0.7220563335439771,0.8982879966811544,0.8978195851423059,0.8393879717891458,0.08296621743140911,39,0.7097333906143796,0.8979584896662468,0.8974819843180283,0.8350579548662181,0.08861806274878595,39,0.7220563335439771,0.8982879966811544,0.8978195851423059,0.8393879717891458,0.08296621743140911,39,0.7097336791200554,0.8979585176379798,0.8974819843180283,0.8350580603586879,0.08861793336428703,39,0.8346366898514959,0.9681883998895455,0.9680719098770423,0.923632333206028,0.06292944088181116,39,0.48741946469013747,0.80176989770467,0.8009317339424268,0.6967070321124114,0.147989053734328,39,0.6977718875953995,0.8991182033113635,0.8986585924362653,0.8318495611143429,0.09480741782767978,7
14,25.656217018763225,1.1525288265409432,2.909066120783488,0.12061730703117,sag,l2,ovr,100000,,0.01,,"{'solver': 'sag', 'penalty': 'l2', 'multi_class': 'ovr', 'max_iter': 100000, 'class_weight': None, 'C': 0.01}",0.7017091089768018,0.9156781684603548,0.9158465991316932,0.8444112921896166,0.10090570486845818,13,0.6026321539193132,0.9200490317151039,0.9201919601806147,0.8142910486050106,0.1496654511052677,9,0.4523781958514231,0.9703427849224803,0.9702942595272552,0.7976717467670529,0.24415941215610476,14,0.9023362327765376,0.8747119139351035,0.8750097879708014,0.8840193115608143,0.012952590071810616,36,0.768465347569507,0.9207069827696706,0.9208369641866718,0.8700030981752831,0.07179805160937067,36,0.7017091089768018,0.9156781684603548,0.9158465991316932,0.8444112921896166,0.10090570486845818,13,0.7684647017892879,0.9207067608939014,0.9208369641866718,0.8700028089566203,0.0717983038033995,36,0.7017079062343626,0.9156779047622532,0.9158465991316932,0.844410803376103,0.10090620976574292,13,0.7017091089768018,0.9156781684603548,0.9158465991316932,0.8444112921896166,0.10090570486845818,13,0.7017091089768018,0.9156781684603548,0.9158465991316932,0.8444112921896166,0.10090570486845818,13,0.6819360284632012,0.9154253976341684,0.9155963805739487,0.8376526022237728,0.1101082673753128,1,0.7017091089768018,0.9156781684603548,0.9158465991316931,0.8444112921896165,0.10090570486845815,13,0.6819364110174317,0.9154254199381325,0.9155963805739487,0.8376527371765042,0.11010809228887691,1,0.8258704707994852,0.9808280765722023,0.980741499010199,0.9291466821272955,0.073027317918655,36,0.4654098544497128,0.8363697677858662,0.8366686807713879,0.7128161010023223,0.1749426772063375,34,0.6660752535544237,0.9163501244503556,0.916515496495282,0.8329802915000203,0.11801970345580473,1
15,127.9199640750885,18.799910000063964,2.7956224282582602,0.06353789634866003,lbfgs,l2,multinomial,1000,,1,,"{'solver': 'lbfgs', 'penalty': 'l2', 'multi_class': 'multinomial', 'max_iter': 1000, 'class_weight': None, 'C': 1}",0.6869431406505516,0.9226294132686287,0.9233381572600097,0.8443035703930634,0.11127100315917081,26,0.5674830884068114,0.9262937313597449,0.9269608699249018,0.806912563230486,0.1693024243362978,35,0.41074770863482873,0.972339871298878,0.9729377713458756,0.7853417837598607,0.26487812318146137,32,0.9176419872831124,0.8844115272561339,0.8851332373696591,0.8957289173029684,0.01549768140374564,19,0.769033167208732,0.9268487546827566,0.9275454122757815,0.8744757780557567,0.07455972759977195,11,0.6869431406505516,0.9226294132686287,0.9233381572600097,0.8443035703930634,0.11127100315917081,26,0.7690324503341388,0.9268485499696706,0.9275454122757816,0.8744754708598638,0.07456001760309049,11,0.6869418083168934,0.9226291734690242,0.9233381572600097,0.8443030463486424,0.11127157495864955,26,0.6869431406505516,0.9226294132686287,0.9233381572600097,0.8443035703930634,0.11127100315917081,26,0.6869431406505516,0.9226294132686287,0.9233381572600097,0.8443035703930634,0.11127100315917081,26,0.6610893369286028,0.9224377106251757,0.9231490946788219,0.8355587140775335,0.12336882153086004,25,0.6869431406505516,0.9226294132686287,0.9233381572600097,0.8443035703930634,0.11127100315917081,26,0.661089788476104,0.9224377292262472,0.923149094678822,0.8355588707937245,0.12336861303634253,25,0.8175758070901804,0.9852995211867305,0.9853181067588728,0.9293978116785945,0.07907009809438863,22,0.4485244554100546,0.8494674482000016,0.8508731679346822,0.7162883571815795,0.18933854041711676,21,0.6423680872242447,0.9232089147720896,0.923911449728038,0.829829483908124,0.13255553508836507,29
16,26.54216170310974,1.1991729632039052,3.008941570917765,0.13375870717735414,saga,l2,ovr,10000,balanced,0.001,,"{'solver': 'saga', 'penalty': 'l2', 'multi_class': 'ovr', 'max_iter': 10000, 'class_weight': 'balanced', 'C': 0.001}",0.7326882166511498,0.8850801491550934,0.8843029425952725,0.8340237694671719,0.07165575906562226,43,0.6754024227371775,0.8912911542585961,0.8905140144252716,0.8190691971403484,0.10158824583299922,1,0.5562083936324168,0.9422099159680081,0.9410323203087313,0.8131502099697188,0.18168593675152375,2,0.8596159007544807,0.8455937104957834,0.8451434017849406,0.850117671011735,0.006718778195885066,43,0.7658011047252989,0.8901740704929166,0.8893145455980966,0.8484299069387707,0.05842844006238734,43,0.7326882166511498,0.8850801491550934,0.8843029425952725,0.8340237694671719,0.07165575906562226,43,0.7658006521717848,0.8901738554415661,0.8893145455980966,0.8484296844038158,0.058428602179944306,43,0.7326873653336371,0.8850798735652872,0.8843029425952725,0.8340233938313989,0.07165609492200664,43,0.7326882166511498,0.8850801491550934,0.8843029425952725,0.8340237694671719,0.07165575906562226,43,0.7326882166511498,0.8850801491550934,0.8843029425952725,0.8340237694671719,0.07165575906562226,43,0.7240948543001223,0.8847037843053009,0.8839294016076444,0.8309093467376893,0.07552991355819179,43,0.7326882166511498,0.8850801491550934,0.8843029425952725,0.8340237694671719,0.07165575906562226,43,0.7240950891877088,0.8847038160821372,0.8839294016076444,0.8309094356258301,0.07552981037619884,43,0.8381468024983817,0.9572973473178293,0.9571514809315276,0.917531876915913,0.056133756032405224,44,0.49738740941563836,0.7752372068828115,0.7736012550881493,0.6820752904621997,0.13059576087727148,43,0.7143563679875333,0.8860212582959599,0.8852463241711698,0.828541316818221,0.0807415714293635,43
17,26.00318392117818,1.172319002251991,2.891911824544271,0.07722096583662937,saga,elasticnet,ovr,10000,,0.001,0.0,"{'solver': 'saga', 'penalty': 'elasticnet', 'multi_class': 'ovr', 'max_iter': 10000, 'l1_ratio': 0.0, 'class_weight': None, 'C': 0.001}",0.7326882166511498,0.8850801491550934,0.8843029425952725,0.8340237694671719,0.07165575906562226,43,0.6754024227371775,0.8912911542585961,0.8905140144252716,0.8190691971403484,0.10158824583299922,1,0.5562083936324168,0.9422099159680081,0.9410323203087313,0.8131502099697188,0.18168593675152375,2,0.8596159007544807,0.8455937104957834,0.8451434017849406,0.850117671011735,0.006718778195885066,43,0.7658011047252989,0.8901740704929166,0.8893145455980966,0.8484299069387707,0.05842844006238734,43,0.7326882166511498,0.8850801491550934,0.8843029425952725,0.8340237694671719,0.07165575906562226,43,0.7658006521717848,0.8901738554415661,0.8893145455980966,0.8484296844038158,0.058428602179944306,43,0.7326873653336371,0.8850798735652872,0.8843029425952725,0.8340233938313989,0.07165609492200664,43,0.7326882166511498,0.8850801491550934,0.8843029425952725,0.8340237694671719,0.07165575906562226,43,0.7326882166511498,0.8850801491550934,0.8843029425952725,0.8340237694671719,0.07165575906562226,43,0.7240948543001223,0.8847037843053009,0.8839294016076444,0.8309093467376893,0.07552991355819179,43,0.7326882166511498,0.8850801491550934,0.8843029425952725,0.8340237694671719,0.07165575906562226,43,0.7240950891877088,0.8847038160821372,0.8839294016076444,0.8309094356258301,0.07552981037619884,43,0.8381468131095219,0.9572973723563967,0.9571514809315276,0.9175318887991487,0.05613375694275711,43,0.49738740941563836,0.7752372068828115,0.7736012550881493,0.6820752904621997,0.13059576087727148,43,0.7143563679875333,0.8860212582959599,0.8852463241711698,0.828541316818221,0.0807415714293635,43
18,39.98314436276754,0.8022549448466689,2.840972582499186,0.05099052049156231,saga,elasticnet,multinomial,10000,,0.001,1.0,"{'solver': 'saga', 'penalty': 'elasticnet', 'multi_class': 'multinomial', 'max_iter': 10000, 'l1_ratio': 1.0, 'class_weight': None, 'C': 0.001}",0.7355873825982508,0.8494749181142397,0.8489290882778582,0.811330462996783,0.05355890933508909,49,0.690477669420461,0.8573048711335493,0.8567363687516297,0.80150630310188,0.07850944283592733,49,0.5898504582730343,0.904342456898631,0.9034249879401833,0.7992059677039496,0.14803717423703855,11,0.8325004425441523,0.814918495979135,0.8146363106475158,0.8206850830569344,0.008355515024999495,50,0.7574598251925315,0.8537345525107864,0.8531239223264542,0.8214394333432574,0.0452411016049626,49,0.7355873825982508,0.8494749181142397,0.8489290882778582,0.811330462996783,0.05355890933508909,49,0.757459463203842,0.8537343652658791,0.8531239223264542,0.8214392502653918,0.04524122769094953,49,0.7355866795807965,0.8494746534372557,0.8489290882778582,0.8113301404319703,0.05355917790395182,49,0.7355873825982508,0.8494749181142397,0.8489290882778582,0.811330462996783,0.05355890933508909,49,0.7355873825982508,0.8494749181142397,0.8489290882778582,0.811330462996783,0.05355890933508909,49,0.7298493612919335,0.8490203295675709,0.8484791010454577,0.8091162639683206,0.05605059991953205,49,0.7355873825982508,0.8494749181142397,0.8489290882778582,0.811330462996783,0.05355890933508909,49,0.729849551217172,0.8490203695313991,0.8484791010454577,0.8091163405980096,0.05605051987242116,49,0.8390905213231256,0.9276919737098951,0.9275105646321239,0.8980976865550482,0.041724432401523355,50,0.4925610838974626,0.7031963030263734,0.7020404782246416,0.6325992883828259,0.0990230882819974,49,0.7219750229176389,0.8506772378807664,0.850130554586692,0.8075942717950323,0.06054236285116284,49
19,30.184744993845623,2.1441796638307333,3.681646188100179,0.44060842825283353,saga,l1,ovr,1000,balanced,0.001,,"{'solver': 'saga', 'penalty': 'l1', 'multi_class': 'ovr', 'max_iter': 1000, 'class_weight': 'balanced', 'C': 0.001}",0.735592206501657,0.8494749181142397,0.8489146164978292,0.8113272470379087,0.053553249252472034,50,0.6904815684857246,0.8573009557781132,0.8567167456584991,0.801499756640779,0.07850207598651665,50,0.5898504582730343,0.9043135136178136,0.9033671008200675,0.7991770242369718,0.14801673855341937,12,0.8325117786432092,0.814934923795199,0.8146478971271468,0.820698199855185,0.008354283488633641,49,0.7574666794577887,0.8537300049720886,0.8531025155066885,0.8214330666455218,0.04523179157145669,50,0.735592206501657,0.8494749181142397,0.8489146164978292,0.8113272470379087,0.053553249252472034,50,0.757466317447479,0.8537298178283645,0.8531025155066886,0.8214328835941774,0.04523191767989094,50,0.7355915034609327,0.849474653576876,0.8489146164978292,0.8113269245118794,0.05355351785336234,50,0.735592206501657,0.8494749181142397,0.8489146164978292,0.8113272470379087,0.053553249252472034,50,0.735592206501657,0.8494749181142397,0.8489146164978292,0.8113272470379087,0.053553249252472034,50,0.7298539017854071,0.8490208104534156,0.8484653050578886,0.8091133390989037,0.056045344433474566,50,0.7355922065016569,0.8494749181142397,0.8489146164978292,0.8113272470379087,0.05355324925247208,50,0.7298540917137398,0.8490208503960368,0.8484653050578886,0.8091134157225551,0.05604526438160768,50,0.8390904120469987,0.9276926598038746,0.9275109434720963,0.8980980051076566,0.04172473514447956,49,0.49257268338613525,0.703191783078748,0.7020046403904607,0.6325897022851147,0.09900816974020699,50,0.7219794351254707,0.8506768395183553,0.8501155931780108,0.8075906226072789,0.06053668483323493,50
20,199.97095370292664,25.077028300473412,3.313149611155192,0.30269196957824246,liblinear,l1,ovr,1000,,0.01,,"{'solver': 'liblinear', 'penalty': 'l1', 'multi_class': 'ovr', 'max_iter': 1000, 'class_weight': None, 'C': 0.01}",0.698756880092233,0.9153742625457668,0.9157308248914616,0.8432873225098204,0.10219855958947194,37,0.5949248851872032,0.9196561468108394,0.9199796616691174,0.8115202312223867,0.15315609490220866,17,0.4424312590448625,0.9686640746350734,0.9688277858176556,0.7933077064991972,0.24810712435554752,19,0.9078275329611593,0.8753683586461839,0.8758209267641749,0.8863389394571727,0.015195853437918209,34,0.7696127721379364,0.9201469505076108,0.9204725565785513,0.8700774264080328,0.07103936267092048,34,0.698756880092233,0.9153742625457668,0.9157308248914616,0.8432873225098204,0.10219855958947194,37,0.769612105403281,0.9201467345000091,0.9204725565785513,0.8700771321606138,0.07103962622377465,34,0.6987556436081612,0.9153740054796207,0.9157308248914617,0.8432868246597479,0.10219908203158531,37,0.698756880092233,0.9153742625457668,0.9157308248914616,0.8432873225098204,0.10219855958947194,37,0.698756880092233,0.9153742625457668,0.9157308248914616,0.8432873225098204,0.10219855958947194,37,0.6775721040101385,0.9151332152376466,0.9154925741825131,0.8360659644767661,0.11207217953599938,9,0.698756880092233,0.9153742625457668,0.9157308248914616,0.8432873225098204,0.10219855958947194,37,0.6775725026923389,0.9151332370558316,0.9154925741825131,0.8360661046435611,0.11207199672650024,9,0.8286726942317187,0.9806144251291753,0.9805639072549484,0.9299503422052808,0.07161411463441394,4,0.4629775806721361,0.8355073230616096,0.8361899372525907,0.7115582803287789,0.17577331930998122,37,0.6610426602455514,0.9160378015522852,0.9163899916798339,0.8311568178258901,0.1202889603314251,11
21,66.29917534192403,12.877724318714185,3.906959136327108,0.010185790992801428,sag,l2,multinomial,10000,,0.1,,"{'solver': 'sag', 'penalty': 'l2', 'multi_class': 'multinomial', 'max_iter': 10000, 'class_weight': None, 'C': 0.1}",0.688235946763402,0.9223303312574469,0.9230438977327544,0.844536725251201,0.11052172429345493,5,0.5704829566222943,0.9260523112958412,0.9267313636426264,0.8077555438535873,0.1677772844509373,21,0.4140858658948384,0.9726582473878689,0.9733719247467438,0.7867053460098171,0.26348192228273887,23,0.9167218436959355,0.8837084954945479,0.8843561266796981,0.8949288219567272,0.01541226143761733,25,0.7691496707419248,0.9266531578173256,0.927373896717881,0.8743922417590437,0.07441831733231946,25,0.688235946763402,0.9223303312574469,0.9230438977327544,0.844536725251201,0.11052172429345493,5,0.7691489588680169,0.9266529506564226,0.927373896717881,0.8743919354141069,0.07441860441680116,25,0.6882346242962726,0.9223300884792698,0.9230438977327544,0.8445362035027655,0.11052229074639287,5,0.688235946763402,0.9223303312574469,0.9230438977327544,0.844536725251201,0.11052172429345493,5,0.688235946763402,0.9223303312574469,0.9230438977327544,0.844536725251201,0.11052172429345493,5,0.6628997035234455,0.9221330653890148,0.9228484798524713,0.8359604162549772,0.12237275206739703,11,0.688235946763402,0.9223303312574469,0.9230438977327544,0.844536725251201,0.11052172429345493,5,0.6629001493329056,0.9221330842950786,0.9228484798524713,0.8359605711601518,0.12237254634916875,11,0.8185777969442272,0.985247908880539,0.9852383598276976,0.9296880218841546,0.07856679361090178,12,0.45017013295673736,0.8489722395719448,0.8504067710378793,0.7165163811888539,0.18833614882371863,5,0.6444163541432152,0.9229169145703802,0.9236250566105024,0.8303194417746993,0.13145365180543467,15
22,296.02561140060425,16.631991222577284,3.154700597127279,0.05357092125554051,lbfgs,,multinomial,100000,balanced,,,"{'solver': 'lbfgs', 'penalty': None, 'multi_class': 'multinomial', 'max_iter': 100000, 'class_weight': 'balanced'}",0.6867791279347423,0.9227210674333457,0.923405692233478,0.8443019625338554,0.11138581520368407,27,0.5671353239601875,0.9263671713411104,0.9270138084468715,0.8068387679160565,0.1694961362747736,47,0.41038109020742886,0.972233745935881,0.9728412928123492,0.7851520429852198,0.26500319817287943,48,0.9176536577999267,0.884633279199403,0.8853096630318354,0.8958655333437218,0.015409004927022416,2,0.768970477780347,0.9269074776268148,0.9275855610506172,0.8744878388192596,0.074612555063897,4,0.6867791279347423,0.9227210674333457,0.923405692233478,0.8443019625338554,0.11138581520368407,27,0.7689697605470486,0.926907273700165,0.9275855610506173,0.8744875317659436,0.07461284541187597,4,0.6867777946237383,0.922720828587815,0.923405692233478,0.844301438481677,0.11138638767900184,28,0.6867791279347423,0.9227210674333457,0.923405692233478,0.8443019625338554,0.11138581520368407,27,0.6867791279347423,0.9227210674333457,0.923405692233478,0.8443019625338554,0.11138581520368407,27,0.6608706752189948,0.9225311160710912,0.9232180464600028,0.8355399459166962,0.12351014415258904,32,0.6867791279347423,0.9227210674333457,0.923405692233478,0.8443019625338554,0.11138581520368407,27,0.660871127389275,0.9225311345758512,0.9232180464600028,0.8355401028083763,0.12350993534247388,32,0.8173269451384464,0.9852816622656264,0.985302781053068,0.9293037961523803,0.07917959115726877,33,0.44827541828079953,0.8496179910353624,0.8509809879560805,0.7162914657574141,0.18951678152412024,19,0.6421236049672334,0.923298327125095,0.9239771988573764,0.8297997103165683,0.13270733616000835,36
23,226.9572286605835,43.042689138105786,2.976569890975952,0.2139840342697146,saga,elasticnet,multinomial,10000,,0.1,0.5,"{'solver': 'saga', 'penalty': 'elasticnet', 'multi_class': 'multinomial', 'max_iter': 10000, 'l1_ratio': 0.5, 'class_weight': None, 'C': 0.1}",0.6881587643089034,0.9223496268710716,0.9230342498794019,0.844514213686459,0.11056035181356495,9,0.5701766634086662,0.9260591361546341,0.9267060201667547,0.8076472732433517,0.16791728621789626,25,0.41367100820067537,0.9725135309837821,0.9731307284129281,0.7864384225324619,0.2635864869119445,27,0.9171746989240411,0.8838404208680404,0.8845091419301092,0.8951747539073969,0.0155587056555966,23,0.7693246806693552,0.9266442348412651,0.9273239967946798,0.8744309707684333,0.0743218885787671,23,0.6881587643089034,0.9223496268710716,0.9230342498794019,0.844514213686459,0.11056035181356495,9,0.7693239674551485,0.9266440283598011,0.9273239967946798,0.8744306642032097,0.07432217643581578,23,0.6881574402128692,0.9223493848840763,0.9230342498794019,0.8445136916587824,0.11056091920951301,9,0.6881587643089034,0.9223496268710716,0.9230342498794019,0.844514213686459,0.11056035181356495,9,0.6881587643089034,0.9223496268710716,0.9230342498794019,0.844514213686459,0.11056035181356495,9,0.6627486913520283,0.9221536964463959,0.9228406062543141,0.8359143313509128,0.1224469194343369,15,0.6881587643089034,0.9223496268710716,0.9230342498794019,0.844514213686459,0.11056035181356495,9,0.6627491379105492,0.92215371528586,0.9228406062543141,0.8359144864835745,0.1224467133480618,15,0.819110005098327,0.9852181816784769,0.9852115180382977,0.9298465682717004,0.07830257479244188,6,0.4502241330754907,0.8489827563609186,0.8503474265016747,0.7165181053126947,0.18829909774708575,3,0.6442342857633558,0.9229347843880437,0.9236136890368023,0.8302609197294006,0.13154098635389433,19
24,154.4163078467051,15.907754620860294,2.858565092086792,0.07134960301071264,newton-cg,l2,multinomial,10000,balanced,0.1,,"{'solver': 'newton-cg', 'penalty': 'l2', 'multi_class': 'multinomial', 'max_iter': 10000, 'class_weight': 'balanced', 'C': 0.1}",0.688235946763402,0.9223158595472284,0.9230390738060782,0.8445302933722362,0.1105171867362051,7,0.5704829566222943,0.9260375140080466,0.9267271073879136,0.8077491926727515,0.1677728006599418,23,0.4140858658948384,0.9726293041070515,0.9733719247467438,0.7866956982495447,0.26347511362164144,24,0.9167218436959355,0.8837054373646794,0.8843483748816662,0.894925218647427,0.015414776239950988,27,0.7691496707419248,0.926636026985279,0.92736986200314,0.8743851865767813,0.07441334993682074,27,0.688235946763402,0.9223158595472284,0.9230390738060782,0.8445302933722362,0.1105171867362051,7,0.7691489588680169,0.9266358198922614,0.92736986200314,0.8743848802544728,0.07441363704320766,27,0.6882346242962726,0.9223156168388611,0.9230390738060781,0.8445297716470707,0.11051775320901042,7,0.688235946763402,0.9223158595472284,0.9230390738060782,0.8445302933722362,0.1105171867362051,7,0.688235946763402,0.9223158595472284,0.9230390738060782,0.8445302933722362,0.1105171867362051,7,0.6628997035234455,0.9221186706526239,0.9228436061154008,0.8359539934304901,0.12236821979659007,13,0.688235946763402,0.9223158595472284,0.9230390738060782,0.8445302933722362,0.1105171867362051,7,0.6629001493329056,0.9221186895567457,0.9228436061154008,0.8359541483350174,0.12236801407767589,13,0.8185777776766306,0.9852477291427186,0.9852385417081169,0.9296880161758221,0.07856680319156276,13,0.45017013295673736,0.8489406502270204,0.8503979082628079,0.7165028971488553,0.18832664329458082,7,0.6444163541432152,0.9229024393237084,0.9236203063699033,0.8303130332789422,0.13144912911729417,17
25,18.894126256306965,1.1962762205914492,3.3881513277689614,0.06688247689263434,lbfgs,l2,ovr,100000,balanced,0.001,,"{'solver': 'lbfgs', 'penalty': 'l2', 'multi_class': 'ovr', 'max_iter': 100000, 'class_weight': 'balanced', 'C': 0.001}",0.7326833927477436,0.8850656774448749,0.88429329474192,0.8340141216448461,0.07165233937969051,46,0.6753984664678971,0.8912789530363042,0.8905058841789082,0.8190611012277031,0.1015853135003994,4,0.5562083936324168,0.9422099159680081,0.9410323203087313,0.8131502099697188,0.18168593675152375,2,0.8596030834836805,0.8455717464522888,0.8451287561085502,0.8501011953481732,0.00672128304794716,46,0.7657935265672036,0.8901620224135436,0.8893064988970403,0.8484206826259291,0.05842726628830393,46,0.7326833927477436,0.8850656774448749,0.88429329474192,0.8340141216448461,0.07165233937969051,46,0.7657930740389624,0.8901618073143597,0.8893064988970402,0.8484204600834541,0.058427428385027534,46,0.7326825414535009,0.8850654017852583,0.88429329474192,0.8340137459935596,0.07165267521163474,46,0.7326833927477436,0.8850656774448749,0.88429329474192,0.8340141216448461,0.07165233937969051,46,0.7326833927477436,0.8850656774448749,0.88429329474192,0.8340141216448461,0.07165233937969051,46,0.7240903601995266,0.8846890738658657,0.8839195951185328,0.8308996763946417,0.07552624508048714,46,0.7326833927477437,0.8850656774448749,0.88429329474192,0.8340141216448463,0.07165233937969046,46,0.7240905950845187,0.8846891056548062,0.8839195951185327,0.8308997652859526,0.0755261419022381,46,0.8381464244067056,0.9572914690254561,0.957151311430891,0.9175297349543509,0.05613250636464728,46,0.49737516328640907,0.7752106705200081,0.7735835497878305,0.6820564611980826,0.1305910875703864,46,0.7143519814532007,0.8860070496999534,0.885236852930608,0.828531961361254,0.08073805034231993,46
26,381.7425935268402,111.95601961084571,3.448617378870646,0.3485339165047337,saga,l1,ovr,100000,balanced,0.1,,"{'solver': 'saga', 'penalty': 'l1', 'multi_class': 'ovr', 'max_iter': 100000, 'class_weight': 'balanced', 'C': 0.1}",0.6880815818544049,0.9223496268710716,0.9230680173661361,0.8444997420305377,0.11060473059771767,11,0.5698872518043037,0.9260455478932836,0.9267223554710114,0.8075517183895329,0.168054383112641,27,0.4132850940665702,0.9723205757783331,0.9729377713458756,0.786181147063593,0.2636774481421837,29,0.9175752382992396,0.8839750899043943,0.8846983893041372,0.8954162391692569,0.015671560703757664,21,0.7694758444820897,0.926610927700801,0.927318973458653,0.8744685818805146,0.07424163931384127,14,0.6880815818544049,0.9223496268710716,0.9230680173661361,0.8444997420305377,0.11060473059771767,11,0.7694751300649194,0.9266107220296378,0.927318973458653,0.8744682751844034,0.07424192794094382,14,0.688080256269086,0.9223493858148781,0.9230680173661361,0.8444992198167002,0.11060529892613338,11,0.6880815818544049,0.9223496268710716,0.9230680173661361,0.8444997420305377,0.11060473059771767,11,0.6880815818544049,0.9223496268710716,0.9230680173661361,0.8444997420305377,0.11060473059771767,11,0.6626033412657802,0.9221552044715198,0.9228762110921938,0.8358782522764979,0.12252421815561162,17,0.6880815818544049,0.9223496268710716,0.9230680173661361,0.8444997420305377,0.11060473059771767,11,0.6626037885192401,0.9221552232381607,0.9228762110921939,0.8358784076165316,0.12252401172383857,17,0.8196574197608274,0.9851696602856994,0.9851719675174975,0.9299996825213414,0.0780237622551129,3,0.45025808549550694,0.8489496175777422,0.8503763658147723,0.7165280229626738,0.18828217936864458,1,0.644060123373485,0.9229332731558724,0.9236454399679573,0.8302129454991048,0.1316302439522457,21
27,1234.1927763621013,47.42593000516687,2.8516221841176352,0.24180488202454234,saga,elasticnet,ovr,1000,balanced,1,1.0,"{'solver': 'saga', 'penalty': 'elasticnet', 'multi_class': 'ovr', 'max_iter': 1000, 'l1_ratio': 1.0, 'class_weight': 'balanced', 'C': 1}",0.6869286689403331,0.9226873001095026,0.9233912204534491,0.8443357298344282,0.11130397114943293,16,0.5674544460884285,0.9263393985632805,0.9270037093386162,0.8069325179967751,0.16933678576711353,30,0.41071876507477084,0.9722626892166983,0.9728798842257598,0.7852871128390763,0.2648599385745619,36,0.9176366614933609,0.8845586686328207,0.8852592859212178,0.8958182053491331,0.015430629443510327,7,0.7690247206937935,0.9268840915802875,0.9275800129106041,0.8744962750615617,0.07458019246506548,2,0.6869286689403331,0.9226873001095026,0.9233912204534491,0.8443357298344282,0.11130397114943293,16,0.769024003804146,0.9268838874065356,0.9275800129106042,0.8744959680404287,0.0745804826013442,2,0.6869273365368644,0.9226870609614606,0.9233912204534491,0.8443352059839248,0.11130454313292763,16,0.6869286689403331,0.9226873001095026,0.9233912204534491,0.8443357298344282,0.11130397114943293,16,0.6869286689403331,0.9226873001095026,0.9233912204534491,0.8443357298344282,0.11130397114943293,16,0.6610707368029078,0.9224967829216214,0.9232031351134796,0.8355902182793362,0.12340424572505822,20,0.6869286689403331,0.9226873001095026,0.9233912204534491,0.8443357298344282,0.11130397114943293,16,0.6610711883988516,0.9224968014580281,0.9232031351134797,0.8355903749901198,0.12340403719264788,20,0.8176755301194116,0.9852773206338836,0.9852972166664457,0.9294166891399137,0.0790129316985385,17,0.44850005352001765,0.8495607854445136,0.8509609239153634,0.7163405876266316,0.1893927205215335,11,0.6423474786600121,0.9232653060499532,0.9239632499585069,0.829858678222824,0.13259074691832357,24
28,178.8565243879954,42.16900430597363,3.027108112970988,0.1330643893182394,lbfgs,,ovr,1000,balanced,,,"{'solver': 'lbfgs', 'penalty': None, 'multi_class': 'ovr', 'max_iter': 1000, 'class_weight': 'balanced'}",0.6867791279347423,0.922730715240158,0.9233719247467439,0.844293922640548,0.1113800870916549,29,0.5671353239601875,0.9263756871541248,0.9269812959958078,0.8068307690367068,0.16949045495905318,48,0.41038109020742886,0.972233745935881,0.9728027013989388,0.7851391791807495,0.2649940878155351,50,0.9176536577999267,0.8846488109346606,0.885282316478924,0.8958615950711705,0.015411485561082659,3,0.768970477780347,0.9269155734974841,0.9275506365217441,0.8744788959331918,0.07460616843174049,9,0.6867791279347423,0.922730715240158,0.9233719247467439,0.844293922640548,0.1113800870916549,29,0.7689697605470486,0.9269153696067042,0.9275506365217442,0.8744785888918324,0.07460645876879614,9,0.6867777946237383,0.9227304764411677,0.9233719247467438,0.8442933986038833,0.11138065956261459,31,0.6867791279347423,0.922730715240158,0.9233719247467439,0.844293922640548,0.1113800870916549,29,0.6867791279347423,0.922730715240158,0.9233719247467439,0.844293922640548,0.1113800870916549,29,0.6608706752189948,0.9225408617765976,0.9231842329725046,0.8355319233226991,0.12350443223755633,37,0.6867791279347423,0.922730715240158,0.9233719247467439,0.844293922640548,0.1113800870916549,29,0.660871127389275,0.9225408802754248,0.9231842329725046,0.8355320802124014,0.12350422342706886,37,0.8173235036850884,0.985281931267336,0.9853015852405065,0.9293023400643103,0.07918099495966219,34,0.44827541828079953,0.8496357426209088,0.8509123007946383,0.7162744872321155,0.18950467561386078,23,0.6421236049672334,0.923307826852103,0.9239436455771652,0.8297916924655006,0.1327016311512553,42
29,146.20474410057068,17.419296770613126,3.199704567591349,0.15986427876213036,lbfgs,l2,ovr,100000,balanced,10,,"{'solver': 'lbfgs', 'penalty': 'l2', 'multi_class': 'ovr', 'max_iter': 100000, 'class_weight': 'balanced', 'C': 10}",0.6867791279347423,0.9227065957231272,0.9233671008200676,0.844284274825979,0.11137328386906296,36,0.5672103393343954,0.926358459608146,0.926980391435847,0.8068497301261294,0.1694508284903021,44,0.41050651230101304,0.9722916324975157,0.9728509406657019,0.7852163618214102,0.26495997396098125,39,0.9174195217663167,0.8845694724831037,0.8852407205815219,0.8957432382769808,0.015329896562707142,16,0.7688631271102746,0.9269052286856726,0.927554830052625,0.8744410619495241,0.07465534470339723,22,0.6867791279347423,0.9227065957231272,0.9233671008200676,0.844284274825979,0.11137328386906296,36,0.7688624104885765,0.926905024462074,0.9275548300526248,0.8744407550010918,0.07465563468052898,22,0.6867777952287595,0.9227063565285456,0.9233671008200675,0.8442837508591241,0.11137385596877604,36,0.6867791279347423,0.9227065957231272,0.9233671008200676,0.844284274825979,0.11137328386906296,36,0.6867791279347423,0.9227065957231272,0.9233671008200676,0.844284274825979,0.11137328386906296,36,0.6608961252824721,0.922516051767214,0.9231789930301717,0.8355303900266193,0.12348536941631638,38,0.6867791279347423,0.9227065957231272,0.9233671008200676,0.844284274825979,0.11137328386906296,36,0.660896577213654,0.9225160703026183,0.9231789930301716,0.8355305468488146,0.1234851607266674,38,0.8174227175657554,0.9852835556094924,0.9853068877900668,0.9293377203217715,0.07913585793855608,27,0.44818595292564356,0.8496012095111592,0.8509116260599486,0.7162329294989171,0.1895385898006659,30,0.6421589680928567,0.9232845333354003,0.9239392727113067,0.8297942580465212,0.13267845516613821,41
30,188.40001447995505,39.06375440273751,3.529364824295044,0.22345297229734895,newton-cg,l2,multinomial,100000,balanced,0.1,,"{'solver': 'newton-cg', 'penalty': 'l2', 'multi_class': 'multinomial', 'max_iter': 100000, 'class_weight': 'balanced', 'C': 0.1}",0.688235946763402,0.9223158595472284,0.9230390738060782,0.8445302933722362,0.1105171867362051,7,0.5704829566222943,0.9260375140080466,0.9267271073879136,0.8077491926727515,0.1677728006599418,23,0.4140858658948384,0.9726293041070515,0.9733719247467438,0.7866956982495447,0.26347511362164144,24,0.9167218436959355,0.8837054373646794,0.8843483748816662,0.894925218647427,0.015414776239950988,27,0.7691496707419248,0.926636026985279,0.92736986200314,0.8743851865767813,0.07441334993682074,27,0.688235946763402,0.9223158595472284,0.9230390738060782,0.8445302933722362,0.1105171867362051,7,0.7691489588680169,0.9266358198922614,0.92736986200314,0.8743848802544728,0.07441363704320766,27,0.6882346242962726,0.9223156168388611,0.9230390738060781,0.8445297716470707,0.11051775320901042,7,0.688235946763402,0.9223158595472284,0.9230390738060782,0.8445302933722362,0.1105171867362051,7,0.688235946763402,0.9223158595472284,0.9230390738060782,0.8445302933722362,0.1105171867362051,7,0.6628997035234455,0.9221186706526239,0.9228436061154008,0.8359539934304901,0.12236821979659007,13,0.688235946763402,0.9223158595472284,0.9230390738060782,0.8445302933722362,0.1105171867362051,7,0.6629001493329056,0.9221186895567457,0.9228436061154008,0.8359541483350174,0.12236801407767589,13,0.8185777776766306,0.9852477291427186,0.9852385417081169,0.9296880161758221,0.07856680319156276,13,0.45017013295673736,0.8489406502270204,0.8503979082628079,0.7165028971488553,0.18832664329458082,7,0.6444163541432152,0.9229024393237084,0.9236203063699033,0.8303130332789422,0.13144912911729417,17
31,192.211891969045,26.975438939470042,3.3442991574605307,0.5049093059918881,liblinear,l1,ovr,100000,balanced,0.01,,"{'solver': 'liblinear', 'penalty': 'l1', 'multi_class': 'ovr', 'max_iter': 100000, 'class_weight': 'balanced', 'C': 0.01}",0.698756880092233,0.9153742625457668,0.9157308248914616,0.8432873225098204,0.10219855958947194,37,0.5949248851872032,0.9196561468108394,0.9199796616691174,0.8115202312223867,0.15315609490220866,17,0.4424312590448625,0.9686640746350734,0.9688277858176556,0.7933077064991972,0.24810712435554752,19,0.9078275329611593,0.8753683586461839,0.8758209267641749,0.8863389394571727,0.015195853437918209,34,0.7696127721379364,0.9201469505076108,0.9204725565785513,0.8700774264080328,0.07103936267092048,34,0.698756880092233,0.9153742625457668,0.9157308248914616,0.8432873225098204,0.10219855958947194,37,0.769612105403281,0.9201467345000091,0.9204725565785513,0.8700771321606138,0.07103962622377465,34,0.6987556436081612,0.9153740054796207,0.9157308248914617,0.8432868246597479,0.10219908203158531,37,0.698756880092233,0.9153742625457668,0.9157308248914616,0.8432873225098204,0.10219855958947194,37,0.698756880092233,0.9153742625457668,0.9157308248914616,0.8432873225098204,0.10219855958947194,37,0.6775721040101385,0.9151332152376466,0.9154925741825131,0.8360659644767661,0.11207217953599938,9,0.698756880092233,0.9153742625457668,0.9157308248914616,0.8432873225098204,0.10219855958947194,37,0.6775725026923389,0.9151332370558316,0.9154925741825131,0.8360661046435611,0.11207199672650024,9,0.8286726762672446,0.980614403255334,0.9805639072549484,0.9299503289258423,0.07161411794466314,5,0.4629775806721361,0.8355073230616096,0.8361899372525907,0.7115582803287789,0.17577331930998122,37,0.6610426602455514,0.9160378015522852,0.9163899916798339,0.8311568178258901,0.1202889603314251,11
32,79.01760745048523,5.653169235776807,3.0778974692026773,0.36826553712119414,newton-cg,l2,multinomial,100000,balanced,0.001,,"{'solver': 'newton-cg', 'penalty': 'l2', 'multi_class': 'multinomial', 'max_iter': 100000, 'class_weight': 'balanced', 'C': 0.001}",0.7220466857371648,0.8982879966811544,0.8978099372889532,0.8393815399024241,0.0829685005958391,42,0.6499179780059542,0.9037570578918299,0.9033559006551215,0.8190103121843019,0.11956644830440143,8,0.5160154365653642,0.9551089714522774,0.9551953690303907,0.8087732590160108,0.20701104450514807,7,0.8776665572694453,0.8576453261717057,0.8568535475048898,0.8640551436486804,0.009630149321478758,42,0.7674590737577405,0.903499111584291,0.9031199751387605,0.8580260534935973,0.06404071257133966,42,0.7220466857371648,0.8982879966811544,0.8978099372889532,0.8393815399024241,0.0829685005958391,42,0.7674585421274853,0.9034988903900593,0.9031199751387606,0.8580258025521017,0.06404091082949573,42,0.7220456918671145,0.8982877225809385,0.8978099372889532,0.8393811172456687,0.08296890424036789,42,0.7220466857371648,0.8982879966811544,0.8978099372889532,0.8393815399024241,0.0829685005958391,42,0.7220466857371648,0.8982879966811544,0.8978099372889532,0.8393815399024241,0.0829685005958391,42,0.7097245202574769,0.8979584896662468,0.8974723045884766,0.8350517715040668,0.08861997149909967,42,0.7220466857371648,0.8982879966811544,0.8978099372889532,0.8393815399024241,0.0829685005958391,42,0.7097248087584596,0.8979585176379798,0.8974723045884765,0.8350518769949721,0.08861984211733455,42,0.8346343220779713,0.9681869302466419,0.9680696333932077,0.9236302952392736,0.0629296743401362,41,0.48739361948501164,0.80176989770467,0.800912309881362,0.6966919423570145,0.14799667751224135,42,0.6977632118071723,0.8991182033113635,0.8986490238018057,0.8318434796401138,0.09480926009263037,10
33,33.886756896972656,3.8725677811664645,2.783808708190918,0.16611282396708463,saga,elasticnet,ovr,10000,,0.001,0.5,"{'solver': 'saga', 'penalty': 'elasticnet', 'multi_class': 'ovr', 'max_iter': 10000, 'l1_ratio': 0.5, 'class_weight': None, 'C': 0.001}",0.7361373075865529,0.8672413543591203,0.8670574047274482,0.8234786888910405,0.06175972865602451,47,0.6861736002340831,0.8743717675414371,0.8741201565790133,0.8115551747848445,0.08865822110644977,15,0.5769319826338639,0.9239949445736172,0.9231644958996623,0.808030474369048,0.16341166231934542,9,0.8464478321797104,0.8298069591737715,0.8300240282440298,0.8354262731991705,0.007793922911108591,47,0.7627785577395692,0.8720346761913369,0.8717383423803093,0.8355171921037385,0.051434123888751286,47,0.7361373075865529,0.8672413543591203,0.8670574047274482,0.8234786888910405,0.06175972865602451,47,0.7627781541270712,0.8720344724889091,0.8717383423803094,0.8355169896654299,0.051434265944456416,47,0.7361365395991483,0.8672410805839625,0.8670574047274482,0.8234783416368531,0.06176002602331203,47,0.7361373075865529,0.8672413543591203,0.8670574047274482,0.8234786888910405,0.06175972865602451,47,0.7361373075865529,0.8672413543591203,0.8670574047274482,0.8234786888910405,0.06175972865602451,47,0.7292751857103501,0.8668122933649088,0.8666375790688841,0.8209083527147142,0.06479447302925657,47,0.7361373075865529,0.8672413543591203,0.8670574047274482,0.8234786888910405,0.06175972865602451,47,0.729275393628235,0.8668123298310819,0.8666375790688842,0.820908434176067,0.06479438362742916,47,0.8395042274293476,0.9428235169187624,0.9427162197727937,0.9083479880403013,0.04867990967851867,47,0.49820324890741857,0.7392602153483202,0.7387809179771766,0.6587481274109718,0.11352254090938062,47,0.7206548686150966,0.8683241882002145,0.86813409457091,0.8190377171287405,0.06956722262263507,47
34,294.8190909226735,83.38863611693387,2.7292094230651855,0.09552705119943158,saga,elasticnet,multinomial,1000,,0.1,1.0,"{'solver': 'saga', 'penalty': 'elasticnet', 'multi_class': 'multinomial', 'max_iter': 1000, 'l1_ratio': 1.0, 'class_weight': None, 'C': 0.1}",0.6880767579509988,0.9223496268710716,0.9230631934394598,0.8444965260871767,0.110605862388765,12,0.5698777389013796,0.9260455478932836,0.926717423967432,0.8075469035873651,0.16805770186906105,28,0.41327544621321755,0.9723205757783331,0.9729281234925229,0.786174715161358,0.26367971842761484,30,0.9175734727101362,0.8839750899043943,0.8846973777711493,0.8954153134618933,0.01567095914727804,22,0.7694730273454364,0.926610927700801,0.9273132704551309,0.8744657418337894,0.07424161408563597,16,0.6880767579509988,0.9223496268710716,0.9230631934394598,0.8444965260871767,0.110605862388765,12,0.7694723129231935,0.9266107220296378,0.9273132704551309,0.8744654351359874,0.07424190271253175,16,0.6880754323424096,0.9223493858148781,0.9230631934394598,0.8444960038655825,0.11060643072642222,12,0.6880767579509988,0.9223496268710716,0.9230631934394598,0.8444965260871767,0.110605862388765,12,0.6880767579509988,0.9223496268710716,0.9230631934394598,0.8444965260871767,0.110605862388765,12,0.6625971557358246,0.9221552044715198,0.922871412338605,0.8358745908486499,0.12252599826944685,18,0.6880767579509988,0.9223496268710716,0.9230631934394598,0.8444965260871767,0.110605862388765,12,0.6625976030053353,0.9221552232381607,0.922871412338605,0.8358747461940337,0.12252579183022216,18,0.8196575232659835,0.9851696677321136,0.9851721500494841,0.9299997803491937,0.07802375824154852,2,0.4502499577906075,0.8489496175777422,0.850365843147071,0.7165218061718068,0.1882835173419262,2,0.6440532723689356,0.9229332731558724,0.9236406146643704,0.8302090533963927,0.1316323318704017,22
35,2331.882708231608,103.77836866491579,3.022453784942627,0.06711333718116137,saga,elasticnet,ovr,1000,balanced,10,1.0,"{'solver': 'saga', 'penalty': 'elasticnet', 'multi_class': 'ovr', 'max_iter': 1000, 'l1_ratio': 1.0, 'class_weight': 'balanced', 'C': 10}",0.6868080713551792,0.9227403630469704,0.9233912204534491,0.8443132182851997,0.11137327443010846,21,0.5672157155522375,0.9263869099600128,0.9270003539432495,0.8068676598185,0.16945969997087798,36,0.41047756874095515,0.9722723369769708,0.9728316449589967,0.7851938502256409,0.2649645220447917,45,0.9175922531110489,0.8846373300327426,0.8852931105628671,0.8958408979022195,0.015382860637549905,5,0.7689543280542754,0.926930260398779,0.9275717702148925,0.8744854528893157,0.07462223357428477,6,0.6868080713551792,0.9227403630469704,0.9233912204534491,0.8443132182851997,0.11137327443010846,21,0.7689536110392825,0.9269300563817681,0.9275717702148925,0.8744851458786478,0.0746225237816975,6,0.6868067383699566,0.9227401241083599,0.9233912204534491,0.8443126943105886,0.11137384671813474,21,0.6868080713551792,0.9227403630469704,0.9233912204534491,0.8443132182851997,0.11137327443010846,21,0.6868080713551792,0.9227403630469704,0.9233912204534491,0.8443132182851997,0.11137327443010846,21,0.6609157172541693,0.9225503107191757,0.9232035025066385,0.8355565101599945,0.1234899768536143,26,0.6868080713551792,0.9227403630469704,0.9233912204534491,0.8443132182851997,0.11137327443010846,21,0.6609161692539267,0.9225503292265598,0.9232035025066384,0.8355566669957083,0.12348976812528874,26,0.8174006221004275,0.9852814095529479,0.9853027932466888,0.929328274966688,0.07914480282548851,29,0.4482966910174667,0.8496600526483383,0.8509527216543232,0.7163031551067095,0.1895099229477684,16,0.642175716913783,0.923317630567343,0.9239628727939607,0.8298187400916955,0.13268391561625628,30
36,116.76639787356059,11.011272135840443,2.80162779490153,0.10294436840816396,saga,l2,ovr,10000,balanced,0.1,,"{'solver': 'saga', 'penalty': 'l2', 'multi_class': 'ovr', 'max_iter': 10000, 'class_weight': 'balanced', 'C': 0.1}",0.689422627001317,0.9219444189849543,0.9225373854317415,0.8446348104726709,0.1097518544285568,4,0.5733654056418107,0.9257319631161273,0.9262907608695653,0.8084627098758345,0.16623905459169563,20,0.41739507959479016,0.97293803243577,0.9734587554269175,0.7879306224858259,0.26200828129059117,22,0.9154446772043421,0.8828947138029452,0.8834824790291228,0.8939406233454701,0.015207555496402196,30,0.7690624868132656,0.9263795113079445,0.9269658511973766,0.8741359497728624,0.07429854378275876,30,0.689422627001317,0.9219444189849543,0.9225373854317415,0.8446348104726709,0.1097518544285568,4,0.7690617806797188,0.9263793015414816,0.9269658511973766,0.874135644472859,0.07429882748935432,30,0.6894213147730345,0.921944172995502,0.9225373854317415,0.8446342910667592,0.10975241525881764,4,0.689422627001317,0.9219444189849543,0.9225373854317415,0.8446348104726709,0.1097518544285568,4,0.689422627001317,0.9219444189849543,0.9225373854317415,0.8446348104726709,0.1097518544285568,4,0.6646032392022276,0.9217408805307621,0.9223360037828898,0.8362267078386264,0.1213563616874233,8,0.689422627001317,0.9219444189849543,0.9225373854317415,0.8446348104726709,0.1097518544285568,4,0.6646036793247238,0.921740899783359,0.9223360037828898,0.8362268609636576,0.1213561587342409,8,0.8193860437622127,0.9850618336032402,0.9850350273856157,0.9298276349170228,0.07809399879738095,9,0.45151376505382873,0.8483120894601396,0.8494916937406215,0.7164391827515298,0.1873311783505186,10,0.6463556724901443,0.9225390970478351,0.9231269552002249,0.8306739082460681,0.13033289535757803,14
37,2890.829487244288,488.15459387457093,3.673554261525472,0.46325096013958134,newton-cg,,multinomial,100000,,,,"{'solver': 'newton-cg', 'penalty': None, 'multi_class': 'multinomial', 'max_iter': 100000, 'class_weight': None}",0.6867935996449607,0.9227355391435642,0.9233960443801255,0.8443083943895502,0.11138010591173658,23,0.5671524379674937,0.9263806218831154,0.9270039439934544,0.8068456679480213,0.16948889935427794,46,0.41039073806078147,0.9722433936961534,0.972821997105644,0.7851520429541928,0.26499636529524423,49,0.9176950293406972,0.8846498235511,0.8853076490833743,0.8958841673250572,0.015424946461424005,1,0.7689954497305229,0.9269212688702206,0.9275741705654121,0.8744969630553853,0.07460131167538978,1,0.6867935996449607,0.9227355391435642,0.9233960443801255,0.8443083943895502,0.11138010591173658,23,0.7689947324181144,0.9269210649568516,0.9275741705654121,0.8744966559801259,0.0746016020524912,1,0.6867922663106871,0.9227353003213039,0.9233960443801255,0.8443078703373722,0.11138067839500228,23,0.6867935996449607,0.9227355391435642,0.9233960443801255,0.8443083943895502,0.11138010591173658,23,0.6867935996449607,0.9227355391435642,0.9233960443801255,0.8443083943895502,0.11138010591173658,23,0.6608853648643214,0.922545660444443,0.9232084483940599,0.8355464912342748,0.1235043632713224,28,0.6867935996449607,0.9227355391435642,0.9233960443801255,0.8443083943895502,0.11138010591173658,23,0.6608858170229066,0.9225456789439266,0.9232084483940599,0.8355466481202978,0.12350415446604632,28,0.8173112712744808,0.985280309903745,0.9853021638324644,0.9292979150035633,0.079186515685761,35,0.4483135941834773,0.8496462577082414,0.8509599579216605,0.7163066032711264,0.18950043296687963,15,0.6421387794849558,0.9233126527321774,0.9239675475139387,0.829806326577024,0.13270126448897418,32
38,33.06002418200175,1.0402984547610654,3.0952958265940347,0.08838247989108215,saga,elasticnet,multinomial,10000,,0.001,0.0,"{'solver': 'saga', 'penalty': 'elasticnet', 'multi_class': 'multinomial', 'max_iter': 10000, 'l1_ratio': 0.0, 'class_weight': None, 'C': 0.001}",0.7220466857371648,0.8982831727777483,0.8978244090689822,0.8393847558612985,0.08297075646024205,41,0.6499179780059542,0.9037520540441847,0.9033682644974976,0.8190127655158789,0.11956817356881656,7,0.5160154365653642,0.9550993236920049,0.9551953690303907,0.80877004309592,0.20700877121484834,8,0.8776665572694453,0.8576440929055956,0.8568757951585124,0.8640621484445178,0.009624881816204906,41,0.7674590737577405,0.9034933282361486,0.9031319263726998,0.8580281094555297,0.06404214926253532,41,0.7220466857371648,0.8982831727777483,0.8978244090689822,0.8393847558612985,0.08297075646024205,41,0.7674585421274853,0.9034931070638661,0.9031319263726999,0.8580278585213504,0.06404234753615222,41,0.7220456918671145,0.8982828987008022,0.8978244090689822,0.8393843332122998,0.08297116012099671,41,0.7220466857371648,0.8982831727777483,0.8978244090689822,0.8393847558612985,0.08297075646024205,41,0.7220466857371648,0.8982831727777483,0.8978244090689822,0.8393847558612985,0.08297075646024205,41,0.7097245202574769,0.8979537062602344,0.8974869949916393,0.8350550738364501,0.08862228914579365,41,0.7220466857371648,0.8982831727777483,0.8978244090689822,0.8393847558612985,0.08297075646024205,41,0.7097248087584596,0.897953734230904,0.8974869949916393,0.8350551793270009,0.08862215976272637,41,0.8346338743623235,0.9681871142661505,0.9680692248603726,0.9236300711629489,0.06292983266151662,42,0.48739361948501164,0.8017592964882354,0.8009387501827083,0.6966972220519851,0.1480003758096469,41,0.6977632118071723,0.8991133758170244,0.8986632488928109,0.8318466121723359,0.09481145972815572,9
39,659.0554476579031,47.206262279148056,3.0239967505137124,0.1423372930898021,sag,l2,ovr,10000,,10,,"{'solver': 'sag', 'penalty': 'l2', 'multi_class': 'ovr', 'max_iter': 10000, 'class_weight': None, 'C': 10}",0.6867791279347423,0.9227162435299395,0.9233622768933912,0.8442858827860243,0.11137440671780052,34,0.5672103393343954,0.9263669747539974,0.9269761306128453,0.806851148233746,0.16945182350777743,41,0.41050651230101304,0.9722916324975157,0.9728509406657019,0.7852163618214102,0.26495997396098125,39,0.9174195217663167,0.8845850010532968,0.8852329491084989,0.8957458239760374,0.015327901380572299,14,0.7688631271102746,0.9269133223916415,0.9275507829993888,0.8744424108337684,0.07465628106052023,20,0.6867791279347423,0.9227162435299395,0.9233622768933912,0.8442858827860243,0.11137440671780052,34,0.7688624104885765,0.926913118203908,0.9275507829993886,0.874442103897291,0.0746565710405832,20,0.6867777952287595,0.9227160043818983,0.9233622768933912,0.844285358834683,0.1113749788233285,34,0.6867791279347423,0.9227162435299395,0.9233622768933912,0.8442858827860243,0.11137440671780052,34,0.6867791279347423,0.9227162435299395,0.9233622768933912,0.8442858827860243,0.11137440671780052,34,0.6608961252824721,0.9225257976656451,0.9231741204929067,0.8355320144803414,0.12348650514008924,35,0.6867791279347423,0.9227162435299395,0.9233622768933911,0.8442858827860243,0.1113744067178005,34,0.660896577213654,0.9225258161951124,0.9231741204929067,0.8355321713005578,0.12348629644939008,35,0.8174214863942635,0.9852866513630756,0.9853070672503781,0.9293384016692391,0.07913721015932458,25,0.44818595292564356,0.8496189589664201,0.850902751148857,0.7162358876803069,0.1895406511755484,28,0.6421589680928567,0.9232940330833156,0.9239345225168945,0.8297958412310221,0.1326795630519377,39
40,833.5233546892802,74.08271583638908,3.4628287156422934,0.1411004975580834,saga,elasticnet,multinomial,1000,balanced,1,0.5,"{'solver': 'saga', 'penalty': 'elasticnet', 'multi_class': 'multinomial', 'max_iter': 1000, 'l1_ratio': 0.5, 'class_weight': 'balanced', 'C': 1}",0.6869238450369269,0.9226728283992841,0.9233863965267728,0.8443276899876612,0.11130170738080722,19,0.5674621951788439,0.9263293349878211,0.9270014616254377,0.8069309972640343,0.16933023616125836,31,0.4107380607814761,0.9723012802577882,0.9729088277858177,0.7853160562750273,0.26486675682875577,35,0.9175808780740135,0.8845083772896023,0.8852312230064258,0.8957734927900138,0.015422973474143146,11,0.7689971461418643,0.9268785540182936,0.927580916052172,0.8744855387374434,0.07459210886506207,5,0.6869238450369269,0.9226728283992841,0.9233863965267728,0.8443276899876612,0.11130170738080722,19,0.7689964293882936,0.9268783496286537,0.9275809160521721,0.8744852316897065,0.07459239888949716,5,0.6869225127498084,0.9226725889952714,0.9233863965267728,0.8443271660906175,0.11130227925280244,19,0.6869238450369269,0.9226728283992841,0.9233863965267728,0.8443276899876612,0.11130170738080722,19,0.6869238450369269,0.9226728283992841,0.9233863965267728,0.8443276899876612,0.11130170738080722,19,0.6610704032158512,0.9224818664462586,0.9231980419366873,0.835583437199599,0.12339969610846649,21,0.6869238450369269,0.9226728283992841,0.9233863965267728,0.8443276899876612,0.11130170738080722,19,0.6610708547728048,0.9224818850060753,0.9231980419366873,0.8355835939051891,0.12339948759970071,21,0.817629229898881,0.9852893203440505,0.985307640815958,0.9294087303529631,0.07904004312259721,19,0.4484712810397772,0.8495407314860658,0.8509569748722802,0.7163229957993744,0.18940064635770512,14,0.6423487616084498,0.9232513601545712,0.9239587258744374,0.8298529492124861,0.13258579704818224,25
41,1312.8462296326954,55.35470754059726,3.770158370335897,0.22802213339655142,saga,elasticnet,multinomial,10000,,1,1.0,"{'solver': 'saga', 'penalty': 'elasticnet', 'multi_class': 'multinomial', 'max_iter': 10000, 'l1_ratio': 1.0, 'class_weight': None, 'C': 1}",0.6869141972301147,0.9226824762060964,0.9233912204534491,0.8443292979632201,0.11130966125697063,17,0.567431568704554,0.9263344639623491,0.9270037093386162,0.8069232473351731,0.16934641039858153,32,0.4106994693680656,0.9722530414564259,0.9728798842257598,0.7852774650167506,0.2648667644321121,37,0.9176133301718006,0.8845576553407006,0.8852592859212178,0.8958100904779064,0.015419879317079256,9,0.769008019880506,0.9268783950017274,0.9275800129106041,0.8744888092642792,0.0745867314549107,3,0.6869141972301147,0.9226824762060964,0.9233912204534491,0.8443292979632201,0.11130966125697063,17,0.7690073030228435,0.9268781908505671,0.9275800129106042,0.8744885022613383,0.07458702158393807,3,0.6869128648033757,0.9226822370813244,0.9233912204534491,0.8443287741127165,0.11131023325858357,17,0.6869141972301147,0.9226824762060964,0.9233912204534491,0.8443292979632201,0.11130966125697063,17,0.6869141972301147,0.9226824762060964,0.9233912204534491,0.8443292979632201,0.11130966125697063,17,0.6610540919637542,0.9224919842956134,0.9232031351134796,0.8355830704576158,0.12341096570525255,22,0.6869141972301147,0.9226824762060964,0.9233912204534491,0.8443292979632201,0.11130966125697063,17,0.6610545435897631,0.922492002831364,0.9232031351134797,0.8355832271782022,0.12341075715840388,22,0.8176748183353035,0.9852768543022002,0.9852969189000889,0.9294161971791975,0.07901308714425312,18,0.4484687710463184,0.8495502691683768,0.8509609239153634,0.7163266547100196,0.18940500146036524,12,0.6423295873119141,0.9232604802289603,0.9239632499585069,0.8298511058331272,0.1325980477551094,26
42,983.8170785109202,166.5437223399684,3.0420196056365967,0.4513802279751655,liblinear,l1,ovr,1000,,10,,"{'solver': 'liblinear', 'penalty': 'l1', 'multi_class': 'ovr', 'max_iter': 1000, 'class_weight': None, 'C': 10}",0.686861134292647,0.9226535327856595,0.9233671008200676,0.8442939226327913,0.11132217337754255,30,0.5673092305231163,0.9263062102437769,0.9269783775832905,0.806864606116728,0.16939145282270554,38,0.4105643994211288,0.972214450415336,0.972821997105644,0.7852002823140363,0.2649076893831213,43,0.9176478198990814,0.8845380732938337,0.8852610138540149,0.89581563568231,0.01544050650118426,8,0.769001816702292,0.9268475150567866,0.9275498842156004,0.8744664053248931,0.07457527704992527,15,0.686861134292647,0.9226535327856595,0.9233671008200676,0.8442939226327913,0.11132217337754255,30,0.7690010996483307,0.9268473109601264,0.9275498842156004,0.8744660982746858,0.0745755672846348,15,0.6868598014703159,0.9226532937074268,0.9233671008200675,0.8442933986659368,0.1113227455782308,30,0.686861134292647,0.9226535327856595,0.9233671008200676,0.8442939226327913,0.11132217337754255,30,0.686861134292647,0.9226535327856595,0.9233671008200676,0.8442939226327913,0.11132217337754255,30,0.6609800164664958,0.9224630439116929,0.9231792135571846,0.8355407579784577,0.1234334303248645,31,0.686861134292647,0.9226535327856595,0.9233671008200676,0.8442939226327913,0.11132217337754255,30,0.6609804683253193,0.922463062450756,0.9231792135571847,0.8355409147777534,0.12343322166892948,31,0.8174667023238207,0.9852670114458786,0.9852953052465846,0.9293430063387613,0.07910849406634474,23,0.4483999378418538,0.8494904546834681,0.8509067044895445,0.7162656990049555,0.18941057862659832,24,0.6422458592778199,0.9232316771781097,0.9239390463624059,0.8298055276061117,0.13262502775458054,34
43,128.0201027393341,21.8866789584592,3.926034609476725,0.2304470799450317,newton-cg,l2,ovr,100000,,0.1,,"{'solver': 'newton-cg', 'penalty': 'l2', 'multi_class': 'ovr', 'max_iter': 100000, 'class_weight': None, 'C': 0.1}",0.6894274509047231,0.9219540667917666,0.9225373854317415,0.844639634376077,0.10975184581171551,3,0.5733748591875952,0.9257411427758373,0.9262907608695653,0.8084689209443326,0.16623675671558066,19,0.4174047274481428,0.9729476801960425,0.9734587554269175,0.7879370543570343,0.26200600408242697,21,0.9154464663563266,0.8829034686837912,0.8834824790291228,0.8939441380230803,0.01520627953748164,29,0.7690653267666813,0.9263892605293278,0.9269658511973766,0.8741401461644619,0.07429949020824114,29,0.6894274509047231,0.9219540667917666,0.9225373854317415,0.844639634376077,0.10975184581171551,3,0.7690646206382035,0.9263890507580683,0.9269658511973766,0.8741398408645494,0.07429977390678041,29,0.6894261386997108,0.9219538208023146,0.9225373854317415,0.8446391149779222,0.10975240662744684,3,0.6894274509047231,0.9219540667917666,0.9225373854317415,0.844639634376077,0.10975184581171551,3,0.6894274509047231,0.9219540667917666,0.9225373854317415,0.844639634376077,0.10975184581171551,3,0.6646093991643572,0.9217505534952846,0.9223360037828898,0.8362319854808439,0.12135572995256477,7,0.6894274509047231,0.9219540667917666,0.9225373854317415,0.844639634376077,0.10975184581171551,3,0.6646098392709654,0.9217505727455017,0.9223360037828898,0.8362321385997857,0.12135552700655558,7,0.8193852736168341,0.9850624102349324,0.9850355818695753,0.9298277552404471,0.07809462845517137,8,0.4515218971761541,0.8483314862232179,0.8494916937406215,0.7164483590466645,0.18733189650064241,9,0.6463624911690049,0.9225486713513952,0.9231269552002249,0.8306793725735417,0.13033193054932984,13
44,420.50334127744037,63.97093334183211,2.8929784297943115,0.06834202085093202,saga,elasticnet,multinomial,10000,balanced,1,0.0,"{'solver': 'saga', 'penalty': 'elasticnet', 'multi_class': 'multinomial', 'max_iter': 10000, 'l1_ratio': 0.0, 'class_weight': 'balanced', 'C': 1}",0.686952788457364,0.922639061075441,0.9233333333333333,0.8443083942887127,0.1112675769437654,24,0.567507947403848,0.92630224489327,0.9269545953846225,0.8069215958939134,0.16929122383786735,33,0.4107766521948866,0.972339871298878,0.9729088277858177,0.7853417837598607,0.26485764637642084,32,0.917627535076187,0.8844270495112063,0.8851457512266627,0.895733445271352,0.015484239499688801,18,0.7690305454526005,0.9268568448408764,0.9275364089687981,0.8744745997540916,0.07456072197657802,12,0.686952788457364,0.922639061075441,0.9233333333333333,0.8443083942887127,0.1112675769437654,24,0.7690298286350761,0.9268566401636422,0.9275364089687981,0.8744742925891721,0.07456101195366611,12,0.6869514562167861,0.9226388213223768,0.9233333333333333,0.8443078702908321,0.11126814870517471,24,0.686952788457364,0.922639061075441,0.9233333333333333,0.8443083942887127,0.1112675769437654,24,0.686952788457364,0.922639061075441,0.9233333333333333,0.8443083942887127,0.1112675769437654,24,0.6611036919058377,0.922447456908581,0.923144443152486,0.8355651973223015,0.12336324169322126,23,0.686952788457364,0.922639061075441,0.9233333333333333,0.8443083942887127,0.1112675769437654,24,0.6611041434026685,0.9224474755037059,0.9231444431524859,0.8355653540196202,0.12336303322153173,23,0.8175797400068693,0.9852997955870901,0.985316615134657,0.9293987169095388,0.0790679571313778,20,0.44853384371376004,0.8494851941662941,0.8508593611875573,0.7162927996892039,0.18933500462151792,18,0.6423845430054398,0.9232184145055189,0.9239064735989132,0.8298364770366239,0.1325488313423964,27
45,1818.9048464298248,103.39180629776241,1.5546192328135173,0.058165919962218635,saga,elasticnet,ovr,10000,balanced,10,1.0,"{'solver': 'saga', 'penalty': 'elasticnet', 'multi_class': 'ovr', 'max_iter': 10000, 'l1_ratio': 1.0, 'class_weight': 'balanced', 'C': 10}",0.6868080713551792,0.9227403630469704,0.9233912204534491,0.8443132182851997,0.11137327443010846,21,0.5672157155522375,0.9263869099600128,0.9270003539432495,0.8068676598185,0.16945969997087798,36,0.41047756874095515,0.9722723369769708,0.9728316449589967,0.7851938502256409,0.2649645220447917,45,0.9175922531110489,0.8846373300327426,0.8852931105628671,0.8958408979022195,0.015382860637549905,5,0.7689543280542754,0.926930260398779,0.9275717702148925,0.8744854528893157,0.07462223357428477,6,0.6868080713551792,0.9227403630469704,0.9233912204534491,0.8443132182851997,0.11137327443010846,21,0.7689536110392825,0.9269300563817681,0.9275717702148925,0.8744851458786478,0.0746225237816975,6,0.6868067383699566,0.9227401241083599,0.9233912204534491,0.8443126943105886,0.11137384671813474,21,0.6868080713551792,0.9227403630469704,0.9233912204534491,0.8443132182851997,0.11137327443010846,21,0.6868080713551792,0.9227403630469704,0.9233912204534491,0.8443132182851997,0.11137327443010846,21,0.6609157172541693,0.9225503107191757,0.9232035025066385,0.8355565101599945,0.1234899768536143,26,0.6868080713551792,0.9227403630469704,0.9233912204534491,0.8443132182851997,0.11137327443010846,21,0.6609161692539267,0.9225503292265598,0.9232035025066384,0.8355566669957083,0.12348976812528874,26,0.8173995962638047,0.9852814095529479,0.9853027932466888,0.9293279330211471,0.07914528640950717,30,0.4482966910174667,0.8496600526483383,0.8509527216543232,0.7163031551067095,0.1895099229477684,16,0.642175716913783,0.923317630567343,0.9239628727939607,0.8298187400916955,0.13268391561625628,30
46,75.80735373497009,1.4849048591475302,2.8746050198872886,0.06741540094411377,saga,elasticnet,multinomial,1000,,0.01,0.5,"{'solver': 'saga', 'penalty': 'elasticnet', 'multi_class': 'multinomial', 'max_iter': 1000, 'l1_ratio': 0.5, 'class_weight': None, 'C': 0.01}",0.6970106270592038,0.9179984659987168,0.9179546550892427,0.8443212493823878,0.1041643415210847,20,0.5912616810266288,0.9221468579829355,0.9220917236198398,0.8118334208764679,0.1559677746100956,14,0.4382923299565847,0.9712786176689082,0.9710564399421129,0.7935424625225354,0.2511997941305283,18,0.9082530289095926,0.8777463904582549,0.8778279753702315,0.887942464912693,0.014361776153586327,33,0.7690429389889163,0.922799549097709,0.9227226273949666,0.8715217051605305,0.07246343729210106,33,0.6970106270592038,0.9179984659987168,0.9179546550892427,0.8443212493823878,0.1041643415210847,20,0.7690422674528893,0.9227993317656237,0.9227226273949666,0.8715214088711599,0.07246370259313528,33,0.6970093790331495,0.9179982089791718,0.9179546550892426,0.8443207477005213,0.10416486924814936,20,0.6970106270592038,0.9179984659987168,0.9179546550892427,0.8443212493823878,0.1041643415210847,20,0.6970106270592038,0.9179984659987168,0.9179546550892427,0.8443212493823878,0.1041643415210847,20,0.6752747351380087,0.9177649782513593,0.9177226494528192,0.8369207876140624,0.11430102116414685,6,0.6970106270592038,0.9179984659987168,0.9179546550892427,0.8443212493823878,0.1041643415210847,20,0.6752751404088666,0.9177649993891238,0.9177226494528192,0.8369209297502698,0.1143008351011583,6,0.8257721040880428,0.9823208468743465,0.9822529547539878,0.930115301905459,0.07378178795343443,1,0.46045187519852687,0.8407840490400464,0.8406637613963901,0.7139665618783212,0.17926196080791001,33,0.6584721243157328,0.9186413541976745,0.9185964642862234,0.8319033142665436,0.12263437185278767,6
47,1263.2861082553864,15.201777814132825,2.1725986003875732,0.15702601330205407,sag,,ovr,1000,,,,"{'solver': 'sag', 'penalty': None, 'multi_class': 'ovr', 'max_iter': 1000, 'class_weight': None}",0.6867839518381484,0.9227355391435642,0.9233863965267728,0.8443019625028286,0.11138237043821017,28,0.5671621891873876,0.9263806218831154,0.9269954217000385,0.8068460775901803,0.16948228868058865,45,0.41041968162083936,0.9722433936961534,0.972821997105644,0.7851616908075455,0.264982721175606,47,0.9176013805004314,0.8846498235511,0.8852921034609914,0.895847769170841,0.015384360787930648,4,0.7689485083947531,0.9269212688702206,0.9275660748563388,0.874478617373771,0.07462151999493823,10,0.6867839518381484,0.9227355391435642,0.9233863965267728,0.8443019625028286,0.11138237043821017,28,0.7689477913076571,0.9269210649568516,0.9275660748563389,0.8744783103736159,0.07462181026210599,10,0.6867826186900349,0.9227353003213039,0.9233863965267728,0.8443014385127038,0.11138294283031562,27,0.6867839518381484,0.9227355391435642,0.9233863965267728,0.8443019625028286,0.11138237043821017,28,0.6867839518381484,0.9227355391435642,0.9233863965267728,0.8443019625028286,0.11138237043821017,28,0.6608827514843028,0.922545660444443,0.9231987034814059,0.8355423718033839,0.12350328968305853,29,0.6867839518381484,0.9227355391435642,0.9233863965267728,0.8443019625028286,0.11138237043821017,28,0.6608832035832425,0.9225456789439266,0.9231987034814059,0.8355425286695249,0.12350308090612806,29,0.8173592607140506,0.9852811462291291,0.9853028571003057,0.9293144213478285,0.07916425376915912,32,0.4482628991596376,0.8496462577082414,0.8509422065229147,0.7162837877969311,0.18952012633715362,22,0.6421386390249196,0.9233126527321774,0.9239580471251324,0.8298031129607432,0.1326990836860794,35
48,10.278343121210733,0.2533400923442581,2.781794627507528,0.055874688403761606,lbfgs,l2,ovr,10000,,0.001,,"{'solver': 'lbfgs', 'penalty': 'l2', 'multi_class': 'ovr', 'max_iter': 10000, 'class_weight': None, 'C': 0.001}",0.7326882166511498,0.8850753252516872,0.88429329474192,0.8340189455482522,0.07165235682117334,45,0.675406225471245,0.8912870871473813,0.8905058841789082,0.8190663989325114,0.10158358347919008,3,0.5562180414857694,0.9422099159680081,0.9410323203087313,0.8131534259208363,0.18168138872575967,1,0.8596051768354506,0.8455863890211698,0.8451287561085502,0.8501067739883902,0.0067189830309088575,45,0.7657969691982833,0.8901700544108093,0.8893064988970403,0.8484245075020443,0.0584275562649221,45,0.7326882166511498,0.8850753252516872,0.88429329474192,0.8340189455482522,0.07165235682117334,45,0.7657965166765509,0.890169839343514,0.8893064988970402,0.8484242849723683,0.05842771836119167,45,0.7326873653801771,0.8850750496386108,0.88429329474192,0.8340185699202359,0.07165269264693436,45,0.7326882166511498,0.8850753252516872,0.88429329474192,0.8340189455482522,0.07165235682117334,45,0.7326882166511498,0.8850753252516872,0.88429329474192,0.8340189455482522,0.07165235682117334,45,0.7240958240245958,0.884698880836297,0.8839195951185328,0.8309047666598085,0.07552599769481852,45,0.7326882166511498,0.8850753252516871,0.88429329474192,0.8340189455482522,0.07165235682117331,45,0.7240960588985161,0.8846989126171678,0.8839195951185327,0.8309048555447389,0.07552589452058388,45,0.8381465610484045,0.9572973573704884,0.957151311430891,0.9175317432832614,0.05613383234853523,45,0.4973835400926921,0.7752283613742259,0.7735835497878305,0.6820651504182494,0.1305913454141569,45,0.7143579043139257,0.886016522098514,0.885236852930608,0.8285370931143493,0.0807375061019554,45
49,73.61792993545532,5.498430588590346,2.7942144870758057,0.10288543930736872,newton-cg,l2,multinomial,100000,balanced,0.01,,"{'solver': 'newton-cg', 'penalty': 'l2', 'multi_class': 'multinomial', 'max_iter': 100000, 'class_weight': 'balanced', 'C': 0.01}",0.6961905634801568,0.9191224354923517,0.9190738060781476,0.8447956016835519,0.10507963210752562,2,0.5895571022653215,0.923210098197274,0.9231558503426289,0.8119743502684083,0.1572727458751353,13,0.4363917028461167,0.9723495190591505,0.9721948866377231,0.7936453695143301,0.25261649819269344,17,0.9083825360485199,0.8787984479225706,0.8788264638677156,0.888669149279602,0.013939474156725005,32,0.7687455418025682,0.923926735406392,0.923858060190081,0.8721767791330137,0.07313693467668052,32,0.6961905634801568,0.9191224354923517,0.9190738060781476,0.8447956016835519,0.10507963210752562,2,0.768744868207196,0.9239265177118923,0.9238580601900809,0.8721764820363896,0.07313720086746399,32,0.6961893102415937,0.9191221787288034,0.9190738060781476,0.844795098349515,0.10508016235033968,2,0.6961905634801568,0.9191224354923517,0.9190738060781476,0.8447956016835519,0.10507963210752562,2,0.6961905634801568,0.9191224354923517,0.9190738060781476,0.8447956016835519,0.10507963210752562,2,0.6742002039252231,0.9188926078199642,0.9188447983372747,0.837312536694154,0.11533783824755432,5,0.6961905634801568,0.9191224354923517,0.9190738060781476,0.8447956016835519,0.10507963210752562,2,0.6742006122353695,0.9188926286471207,0.9188447983372746,0.8373126797399216,0.1153376506787551,5,0.8231478376662924,0.983098808428073,0.9830241794379717,0.9297569418441123,0.07538402665715283,11,0.45923851091453216,0.8430352233801763,0.8429182890903667,0.7150640077950251,0.18089594994364458,32,0.6572715835932428,0.919756105895426,0.9197070087383455,0.8322448994090048,0.12372481976360415,5
